accuracy	canonical_pred_sha256	dataset	duplicate	engine_time_s	evaluator_sha256	exact	exact_count	exit_status	future_read_violations	input_clusters	input_reads	mean_ed	order_path	order_sha256	outer_wall_s	package	pred_clusters	pred_path	raw_pred_sha256	reads_sha256	round_time_s	runner_sha256	runner_worker_cpus	runner_workers	safe_batch_violations	seed	seed_source	session	stop_index_violations	threads	total_ed	total_truth_bases	truth_sha256	truth_original_sha256	truth_effective_sha256	truth_only_excluded	metric_counts_source
0.9973725430751351	04a414fd986b341e41053ceecd989c4040cae67456496fc5f99849016f98ec3c	oligo0	0	1.030675557	a9ccb311ac47f34a3934bb868bc3a21af0f77de0cf1355d5b680cd9bef516874	0.9215552523874488	1351	PASS	0	1466	167546	0.2837653478854025	threads_1/round_01_seed_6c2f91a47bd803e52a9c14f8d730be65/.internal/order.jsonl.gz	ca3f954b9b186b477627c10e7b19dc6781e041fd047d7e6b55c17a96a3097103	1.672414783	old	1466	threads_1/round_01_seed_6c2f91a47bd803e52a9c14f8d730be65/pred.tsv	5004be27b54e7afb721b8be3c934175d58330dcbdbdf7120db3bc1cfd294fed5	73db92a57b6eef4e1a66fcd4448865977a7e03f03c213b9ebd54f1894aedb805	1.298619031906128	23611c1d783167ec16913c8b151a1e4895d9bd7ce4f4a1843bc0a9947be260bf	0	1	0	6c2f91a47bd803e52a9c14f8d730be65	EXPLICIT	20260822T184829_372572	0	1	416	158328	4f5892827cd6a03a641029c5ce657053185fa57eae68f9515fcde303345184b4	4f5892827cd6a03a641029c5ce657053185fa57eae68f9515fcde303345184b4	4f5892827cd6a03a641029c5ce657053185fa57eae68f9515fcde303345184b4	0	PAIRED_NEW_EVALUATOR_AFTER_CANONICAL_IDENTITY
0.9973725430751351	04a414fd986b341e41053ceecd989c4040cae67456496fc5f99849016f98ec3c	oligo0	0	1.882770668	2b1d8974bd325b510ac63e0612f459b15a5d5125e60f065fddc11196c50ceff3	0.9215552523874488	1351	PASS	NOT_APPLICABLE	1466	167546	0.2837653478854025	.orders/round_01_seed_6c2f91a47bd803e52a9c14f8d730be65.jsonl.gz	ca3f954b9b186b477627c10e7b19dc6781e041fd047d7e6b55c17a96a3097103	2.921550728	new	1466	threads_1/round_01_seed_6c2f91a47bd803e52a9c14f8d730be65/pred.tsv	8926f3ca7f049879f8132669f1a5ff9ef8bf3c6a9a500bb9bd3acba385d9cf6f	73db92a57b6eef4e1a66fcd4448865977a7e03f03c213b9ebd54f1894aedb805	2.1565791815519333	66ce485be663e65967a2e17dee1a6b23b84789e405ffef8bb97fe80ea74a1b2e	0	1	NOT_APPLICABLE	6c2f91a47bd803e52a9c14f8d730be65	EXPLICIT	acor_20260822T184831_705da9e9cdda428e93a9df47c4379069	NOT_APPLICABLE	1	416	158328	4f5892827cd6a03a641029c5ce657053185fa57eae68f9515fcde303345184b4	4f5892827cd6a03a641029c5ce657053185fa57eae68f9515fcde303345184b4	4f5892827cd6a03a641029c5ce657053185fa57eae68f9515fcde303345184b4	0	NATIVE_EVALUATOR
0.9973725430751351	04a414fd986b341e41053ceecd989c4040cae67456496fc5f99849016f98ec3c	oligo0	0	0.42561751	a9ccb311ac47f34a3934bb868bc3a21af0f77de0cf1355d5b680cd9bef516874	0.9215552523874488	1351	PASS	0	1466	167546	0.2837653478854025	threads_4/round_01_seed_6c2f91a47bd803e52a9c14f8d730be65/.internal/order.jsonl.gz	ca3f954b9b186b477627c10e7b19dc6781e041fd047d7e6b55c17a96a3097103	1.054513499	old	1466	threads_4/round_01_seed_6c2f91a47bd803e52a9c14f8d730be65/pred.tsv	5004be27b54e7afb721b8be3c934175d58330dcbdbdf7120db3bc1cfd294fed5	73db92a57b6eef4e1a66fcd4448865977a7e03f03c213b9ebd54f1894aedb805	0.6624458692967892	23611c1d783167ec16913c8b151a1e4895d9bd7ce4f4a1843bc0a9947be260bf	0,1,2,3	4	0	6c2f91a47bd803e52a9c14f8d730be65	EXPLICIT	20260822T184834_675714	0	4	416	158328	4f5892827cd6a03a641029c5ce657053185fa57eae68f9515fcde303345184b4	4f5892827cd6a03a641029c5ce657053185fa57eae68f9515fcde303345184b4	4f5892827cd6a03a641029c5ce657053185fa57eae68f9515fcde303345184b4	0	PAIRED_NEW_EVALUATOR_AFTER_CANONICAL_IDENTITY
0.9973725430751351	04a414fd986b341e41053ceecd989c4040cae67456496fc5f99849016f98ec3c	oligo0	0	0.692872252	2b1d8974bd325b510ac63e0612f459b15a5d5125e60f065fddc11196c50ceff3	0.9215552523874488	1351	PASS	NOT_APPLICABLE	1466	167546	0.2837653478854025	.orders/round_01_seed_6c2f91a47bd803e52a9c14f8d730be65.jsonl.gz	ca3f954b9b186b477627c10e7b19dc6781e041fd047d7e6b55c17a96a3097103	1.566575885	new	1466	threads_4/round_01_seed_6c2f91a47bd803e52a9c14f8d730be65/pred.tsv	8926f3ca7f049879f8132669f1a5ff9ef8bf3c6a9a500bb9bd3acba385d9cf6f	73db92a57b6eef4e1a66fcd4448865977a7e03f03c213b9ebd54f1894aedb805	1.0370569042861462	66ce485be663e65967a2e17dee1a6b23b84789e405ffef8bb97fe80ea74a1b2e	0,1,2,3	4	NOT_APPLICABLE	6c2f91a47bd803e52a9c14f8d730be65	EXPLICIT	acor_20260822T184835_088c73d285ee4396a27a1a312c6430fc	NOT_APPLICABLE	4	416	158328	4f5892827cd6a03a641029c5ce657053185fa57eae68f9515fcde303345184b4	4f5892827cd6a03a641029c5ce657053185fa57eae68f9515fcde303345184b4	4f5892827cd6a03a641029c5ce657053185fa57eae68f9515fcde303345184b4	0	NATIVE_EVALUATOR
0.9973725430751351	04a414fd986b341e41053ceecd989c4040cae67456496fc5f99849016f98ec3c	oligo0	0	0.366474541	a9ccb311ac47f34a3934bb868bc3a21af0f77de0cf1355d5b680cd9bef516874	0.9215552523874488	1351	PASS	0	1466	167546	0.2837653478854025	threads_16/round_01_seed_6c2f91a47bd803e52a9c14f8d730be65/.internal/order.jsonl.gz	ca3f954b9b186b477627c10e7b19dc6781e041fd047d7e6b55c17a96a3097103	1.006438389	old	1466	threads_16/round_01_seed_6c2f91a47bd803e52a9c14f8d730be65/pred.tsv	5004be27b54e7afb721b8be3c934175d58330dcbdbdf7120db3bc1cfd294fed5	73db92a57b6eef4e1a66fcd4448865977a7e03f03c213b9ebd54f1894aedb805	0.6639426462352276	23611c1d783167ec16913c8b151a1e4895d9bd7ce4f4a1843bc0a9947be260bf	0,1,2,3,4,5,6,7,8,9,10,11,12,13,14,15	16	0	6c2f91a47bd803e52a9c14f8d730be65	EXPLICIT	20260822T184836_191832	0	16	416	158328	4f5892827cd6a03a641029c5ce657053185fa57eae68f9515fcde303345184b4	4f5892827cd6a03a641029c5ce657053185fa57eae68f9515fcde303345184b4	4f5892827cd6a03a641029c5ce657053185fa57eae68f9515fcde303345184b4	0	PAIRED_NEW_EVALUATOR_AFTER_CANONICAL_IDENTITY
0.9973725430751351	04a414fd986b341e41053ceecd989c4040cae67456496fc5f99849016f98ec3c	oligo0	0	0.396379841	2b1d8974bd325b510ac63e0612f459b15a5d5125e60f065fddc11196c50ceff3	0.9215552523874488	1351	PASS	NOT_APPLICABLE	1466	167546	0.2837653478854025	.orders/round_01_seed_6c2f91a47bd803e52a9c14f8d730be65.jsonl.gz	ca3f954b9b186b477627c10e7b19dc6781e041fd047d7e6b55c17a96a3097103	1.323016491	new	1466	threads_16/round_01_seed_6c2f91a47bd803e52a9c14f8d730be65/pred.tsv	8926f3ca7f049879f8132669f1a5ff9ef8bf3c6a9a500bb9bd3acba385d9cf6f	73db92a57b6eef4e1a66fcd4448865977a7e03f03c213b9ebd54f1894aedb805	0.731265801936388	66ce485be663e65967a2e17dee1a6b23b84789e405ffef8bb97fe80ea74a1b2e	0,1,2,3,4,5,6,7,8,9,10,11,12,13,14,15	16	NOT_APPLICABLE	6c2f91a47bd803e52a9c14f8d730be65	EXPLICIT	acor_20260822T184837_bb4d893275ee41e0bb90572abd504b90	NOT_APPLICABLE	16	416	158328	4f5892827cd6a03a641029c5ce657053185fa57eae68f9515fcde303345184b4	4f5892827cd6a03a641029c5ce657053185fa57eae68f9515fcde303345184b4	4f5892827cd6a03a641029c5ce657053185fa57eae68f9515fcde303345184b4	0	NATIVE_EVALUATOR
0.9973725430751351	04a414fd986b341e41053ceecd989c4040cae67456496fc5f99849016f98ec3c	oligo0	0	0.330176365	a9ccb311ac47f34a3934bb868bc3a21af0f77de0cf1355d5b680cd9bef516874	0.9215552523874488	1351	PASS	0	1466	167546	0.2837653478854025	threads_20/round_01_seed_6c2f91a47bd803e52a9c14f8d730be65/.internal/order.jsonl.gz	ca3f954b9b186b477627c10e7b19dc6781e041fd047d7e6b55c17a96a3097103	0.913688563	old	1466	threads_20/round_01_seed_6c2f91a47bd803e52a9c14f8d730be65/pred.tsv	5004be27b54e7afb721b8be3c934175d58330dcbdbdf7120db3bc1cfd294fed5	73db92a57b6eef4e1a66fcd4448865977a7e03f03c213b9ebd54f1894aedb805	0.5690184123814106	23611c1d783167ec16913c8b151a1e4895d9bd7ce4f4a1843bc0a9947be260bf	0,1,2,3,4,5,6,7,8,9,10,11,12,13,14,15,16,17,18,19	20	0	6c2f91a47bd803e52a9c14f8d730be65	EXPLICIT	20260822T184839_718274	0	20	416	158328	4f5892827cd6a03a641029c5ce657053185fa57eae68f9515fcde303345184b4	4f5892827cd6a03a641029c5ce657053185fa57eae68f9515fcde303345184b4	4f5892827cd6a03a641029c5ce657053185fa57eae68f9515fcde303345184b4	0	PAIRED_NEW_EVALUATOR_AFTER_CANONICAL_IDENTITY
0.9973725430751351	04a414fd986b341e41053ceecd989c4040cae67456496fc5f99849016f98ec3c	oligo0	0	0.402639643	2b1d8974bd325b510ac63e0612f459b15a5d5125e60f065fddc11196c50ceff3	0.9215552523874488	1351	PASS	NOT_APPLICABLE	1466	167546	0.2837653478854025	.orders/round_01_seed_6c2f91a47bd803e52a9c14f8d730be65.jsonl.gz	ca3f954b9b186b477627c10e7b19dc6781e041fd047d7e6b55c17a96a3097103	1.362688888	new	1466	threads_20/round_01_seed_6c2f91a47bd803e52a9c14f8d730be65/pred.tsv	8926f3ca7f049879f8132669f1a5ff9ef8bf3c6a9a500bb9bd3acba385d9cf6f	73db92a57b6eef4e1a66fcd4448865977a7e03f03c213b9ebd54f1894aedb805	0.7639956921339035	66ce485be663e65967a2e17dee1a6b23b84789e405ffef8bb97fe80ea74a1b2e	0,1,2,3,4,5,6,7,8,9,10,11,12,13,14,15,16,17,18,19	20	NOT_APPLICABLE	6c2f91a47bd803e52a9c14f8d730be65	EXPLICIT	acor_20260822T184840_1b9e49bca08041c6a9d5007cb4da2ced	NOT_APPLICABLE	20	416	158328	4f5892827cd6a03a641029c5ce657053185fa57eae68f9515fcde303345184b4	4f5892827cd6a03a641029c5ce657053185fa57eae68f9515fcde303345184b4	4f5892827cd6a03a641029c5ce657053185fa57eae68f9515fcde303345184b4	0	NATIVE_EVALUATOR
0.9973725430751351	04a414fd986b341e41053ceecd989c4040cae67456496fc5f99849016f98ec3c	oligo0	0	0.5349822	a9ccb311ac47f34a3934bb868bc3a21af0f77de0cf1355d5b680cd9bef516874	0.9215552523874488	1351	PASS	0	1466	167546	0.2837653478854025	threads_32/round_01_seed_6c2f91a47bd803e52a9c14f8d730be65/.internal/order.jsonl.gz	ca3f954b9b186b477627c10e7b19dc6781e041fd047d7e6b55c17a96a3097103	1.196538929	old	1466	threads_32/round_01_seed_6c2f91a47bd803e52a9c14f8d730be65/pred.tsv	5004be27b54e7afb721b8be3c934175d58330dcbdbdf7120db3bc1cfd294fed5	73db92a57b6eef4e1a66fcd4448865977a7e03f03c213b9ebd54f1894aedb805	0.8313669450581074	23611c1d783167ec16913c8b151a1e4895d9bd7ce4f4a1843bc0a9947be260bf	0,1,2,3,4,5,6,7,8,9,10,11,12,13,14,15,16,17,18,19,20,21,22,23,24,25,26,27,28,29,30,31	32	0	6c2f91a47bd803e52a9c14f8d730be65	EXPLICIT	20260822T184841_354457	0	32	416	158328	4f5892827cd6a03a641029c5ce657053185fa57eae68f9515fcde303345184b4	4f5892827cd6a03a641029c5ce657053185fa57eae68f9515fcde303345184b4	4f5892827cd6a03a641029c5ce657053185fa57eae68f9515fcde303345184b4	0	PAIRED_NEW_EVALUATOR_AFTER_CANONICAL_IDENTITY
0.9973725430751351	04a414fd986b341e41053ceecd989c4040cae67456496fc5f99849016f98ec3c	oligo0	0	0.501367014	2b1d8974bd325b510ac63e0612f459b15a5d5125e60f065fddc11196c50ceff3	0.9215552523874488	1351	PASS	NOT_APPLICABLE	1466	167546	0.2837653478854025	.orders/round_01_seed_6c2f91a47bd803e52a9c14f8d730be65.jsonl.gz	ca3f954b9b186b477627c10e7b19dc6781e041fd047d7e6b55c17a96a3097103	1.476603325	new	1466	threads_32/round_01_seed_6c2f91a47bd803e52a9c14f8d730be65/pred.tsv	8926f3ca7f049879f8132669f1a5ff9ef8bf3c6a9a500bb9bd3acba385d9cf6f	73db92a57b6eef4e1a66fcd4448865977a7e03f03c213b9ebd54f1894aedb805	0.8743237406015396	66ce485be663e65967a2e17dee1a6b23b84789e405ffef8bb97fe80ea74a1b2e	0,1,2,3,4,5,6,7,8,9,10,11,12,13,14,15,16,17,18,19,20,21,22,23,24,25,26,27,28,29,30,31	32	NOT_APPLICABLE	6c2f91a47bd803e52a9c14f8d730be65	EXPLICIT	acor_20260822T184842_af2e795eb01a4a99ad456eb3b8f5eca1	NOT_APPLICABLE	32	416	158328	4f5892827cd6a03a641029c5ce657053185fa57eae68f9515fcde303345184b4	4f5892827cd6a03a641029c5ce657053185fa57eae68f9515fcde303345184b4	4f5892827cd6a03a641029c5ce657053185fa57eae68f9515fcde303345184b4	0	NATIVE_EVALUATOR
0.9973725430751351	04a414fd986b341e41053ceecd989c4040cae67456496fc5f99849016f98ec3c	oligo0	0	0.422244435	2b1d8974bd325b510ac63e0612f459b15a5d5125e60f065fddc11196c50ceff3	0.9215552523874488	1351	PASS	NOT_APPLICABLE	1466	167546	0.2837653478854025	.orders/round_01_seed_7d46154162d1eb85cdb1f231a908d76f.jsonl.gz	3beb0bc32700ec1f26568a74740a6a588f9d50a079dee0357f47dc3c13b228c4	1.332196638	new_random	1466	threads_20/round_01_seed_7d46154162d1eb85cdb1f231a908d76f/pred.tsv	8926f3ca7f049879f8132669f1a5ff9ef8bf3c6a9a500bb9bd3acba385d9cf6f	73db92a57b6eef4e1a66fcd4448865977a7e03f03c213b9ebd54f1894aedb805	0.7790595628321171	66ce485be663e65967a2e17dee1a6b23b84789e405ffef8bb97fe80ea74a1b2e	0,1,2,3,4,5,6,7,8,9,10,11,12,13,14,15,16,17,18,19	20	NOT_APPLICABLE	7d46154162d1eb85cdb1f231a908d76f	OS_RANDOM	acor_20260822T184844_1314bd91113340a08caf8ba23e9b9653	NOT_APPLICABLE	20	416	158328	4f5892827cd6a03a641029c5ce657053185fa57eae68f9515fcde303345184b4	4f5892827cd6a03a641029c5ce657053185fa57eae68f9515fcde303345184b4	4f5892827cd6a03a641029c5ce657053185fa57eae68f9515fcde303345184b4	0	NATIVE_EVALUATOR
0.9973725430751351	04a414fd986b341e41053ceecd989c4040cae67456496fc5f99849016f98ec3c	oligo0	0	0.393311287	2b1d8974bd325b510ac63e0612f459b15a5d5125e60f065fddc11196c50ceff3	0.9215552523874488	1351	PASS	NOT_APPLICABLE	1466	167546	0.2837653478854025	.orders/round_01_seed_7d46154162d1eb85cdb1f231a908d76f.jsonl.gz	3beb0bc32700ec1f26568a74740a6a588f9d50a079dee0357f47dc3c13b228c4	1.219084039	new_replay	1466	threads_20/round_01_seed_7d46154162d1eb85cdb1f231a908d76f/pred.tsv	8926f3ca7f049879f8132669f1a5ff9ef8bf3c6a9a500bb9bd3acba385d9cf6f	73db92a57b6eef4e1a66fcd4448865977a7e03f03c213b9ebd54f1894aedb805	0.6949732750654221	66ce485be663e65967a2e17dee1a6b23b84789e405ffef8bb97fe80ea74a1b2e	0,1,2,3,4,5,6,7,8,9,10,11,12,13,14,15,16,17,18,19	20	NOT_APPLICABLE	7d46154162d1eb85cdb1f231a908d76f	EXPLICIT	acor_20260822T184845_e905b4c6a35445f38c8d51becd972b93	NOT_APPLICABLE	20	416	158328	4f5892827cd6a03a641029c5ce657053185fa57eae68f9515fcde303345184b4	4f5892827cd6a03a641029c5ce657053185fa57eae68f9515fcde303345184b4	4f5892827cd6a03a641029c5ce657053185fa57eae68f9515fcde303345184b4	0	NATIVE_EVALUATOR
0.9976218514883873	c8f38c17ba21e819d49730b0818e9a55a9dc8f07a2dd3c4462c5b42dd9e99c10	ncomms19_365dishes	0	0.909609123	a9ccb311ac47f34a3934bb868bc3a21af0f77de0cf1355d5b680cd9bef516874	0.985279685966634	2008	PASS	0	2038	66804	0.3567222767419038	threads_1/round_01_seed_6c2f91a47bd803e52a9c14f8d730be65/.internal/order.jsonl.gz	b64ffae49c54471d863ce2a9e906e5a0ffd66c61d5c4cf15930f8dc23142b0b9	1.845303062	old	2038	threads_1/round_01_seed_6c2f91a47bd803e52a9c14f8d730be65/pred.tsv	07e6f8a1f22899d026ddc034d3f0017b22a72e509852e34e3a81284358c6696e	1ad7369eb95ba9b681ef3fee74dd0316c469d134c65954a926e1a5b8d2ee86af	1.270297598093748	23611c1d783167ec16913c8b151a1e4895d9bd7ce4f4a1843bc0a9947be260bf	0	1	0	6c2f91a47bd803e52a9c14f8d730be65	EXPLICIT	20260822T184846_801562	0	1	727	305700	3c2f4ff13eb5e69ee4ad10063991baa2a0a13b207ac22a5acae69e0d86a19640	3c2f4ff13eb5e69ee4ad10063991baa2a0a13b207ac22a5acae69e0d86a19640	3c2f4ff13eb5e69ee4ad10063991baa2a0a13b207ac22a5acae69e0d86a19640	0	PAIRED_NEW_EVALUATOR_AFTER_CANONICAL_IDENTITY
0.9976218514883873	c8f38c17ba21e819d49730b0818e9a55a9dc8f07a2dd3c4462c5b42dd9e99c10	ncomms19_365dishes	0	1.879604125	2b1d8974bd325b510ac63e0612f459b15a5d5125e60f065fddc11196c50ceff3	0.985279685966634	2008	PASS	NOT_APPLICABLE	2038	66804	0.3567222767419038	.orders/round_01_seed_6c2f91a47bd803e52a9c14f8d730be65.jsonl.gz	b64ffae49c54471d863ce2a9e906e5a0ffd66c61d5c4cf15930f8dc23142b0b9	3.399732582	new	2038	threads_1/round_01_seed_6c2f91a47bd803e52a9c14f8d730be65/pred.tsv	44b7745c32c77c1387b08196c191d9de01d29d2441ad8f4153b3d49ff4d90e51	1ad7369eb95ba9b681ef3fee74dd0316c469d134c65954a926e1a5b8d2ee86af	2.323591958731413	66ce485be663e65967a2e17dee1a6b23b84789e405ffef8bb97fe80ea74a1b2e	0	1	NOT_APPLICABLE	6c2f91a47bd803e52a9c14f8d730be65	EXPLICIT	acor_20260822T184848_426b2bf8e604436aafd648442a40dbf7	NOT_APPLICABLE	1	727	305700	3c2f4ff13eb5e69ee4ad10063991baa2a0a13b207ac22a5acae69e0d86a19640	3c2f4ff13eb5e69ee4ad10063991baa2a0a13b207ac22a5acae69e0d86a19640	3c2f4ff13eb5e69ee4ad10063991baa2a0a13b207ac22a5acae69e0d86a19640	0	NATIVE_EVALUATOR
0.9976218514883873	c8f38c17ba21e819d49730b0818e9a55a9dc8f07a2dd3c4462c5b42dd9e99c10	ncomms19_365dishes	0	0.401874374	a9ccb311ac47f34a3934bb868bc3a21af0f77de0cf1355d5b680cd9bef516874	0.985279685966634	2008	PASS	0	2038	66804	0.3567222767419038	threads_4/round_01_seed_6c2f91a47bd803e52a9c14f8d730be65/.internal/order.jsonl.gz	b64ffae49c54471d863ce2a9e906e5a0ffd66c61d5c4cf15930f8dc23142b0b9	1.379094709	old	2038	threads_4/round_01_seed_6c2f91a47bd803e52a9c14f8d730be65/pred.tsv	07e6f8a1f22899d026ddc034d3f0017b22a72e509852e34e3a81284358c6696e	1ad7369eb95ba9b681ef3fee74dd0316c469d134c65954a926e1a5b8d2ee86af	0.7898580357432365	23611c1d783167ec16913c8b151a1e4895d9bd7ce4f4a1843bc0a9947be260bf	0,1,2,3	4	0	6c2f91a47bd803e52a9c14f8d730be65	EXPLICIT	20260822T184852_071311	0	4	727	305700	3c2f4ff13eb5e69ee4ad10063991baa2a0a13b207ac22a5acae69e0d86a19640	3c2f4ff13eb5e69ee4ad10063991baa2a0a13b207ac22a5acae69e0d86a19640	3c2f4ff13eb5e69ee4ad10063991baa2a0a13b207ac22a5acae69e0d86a19640	0	PAIRED_NEW_EVALUATOR_AFTER_CANONICAL_IDENTITY
0.9976218514883873	c8f38c17ba21e819d49730b0818e9a55a9dc8f07a2dd3c4462c5b42dd9e99c10	ncomms19_365dishes	0	0.679076019	2b1d8974bd325b510ac63e0612f459b15a5d5125e60f065fddc11196c50ceff3	0.985279685966634	2008	PASS	NOT_APPLICABLE	2038	66804	0.3567222767419038	.orders/round_01_seed_6c2f91a47bd803e52a9c14f8d730be65.jsonl.gz	b64ffae49c54471d863ce2a9e906e5a0ffd66c61d5c4cf15930f8dc23142b0b9	2.240677573	new	2038	threads_4/round_01_seed_6c2f91a47bd803e52a9c14f8d730be65/pred.tsv	44b7745c32c77c1387b08196c191d9de01d29d2441ad8f4153b3d49ff4d90e51	1ad7369eb95ba9b681ef3fee74dd0316c469d134c65954a926e1a5b8d2ee86af	1.0858911238610744	66ce485be663e65967a2e17dee1a6b23b84789e405ffef8bb97fe80ea74a1b2e	0,1,2,3	4	NOT_APPLICABLE	6c2f91a47bd803e52a9c14f8d730be65	EXPLICIT	acor_20260822T184853_73e68f7e070849bfaaeebb87ef8481c9	NOT_APPLICABLE	4	727	305700	3c2f4ff13eb5e69ee4ad10063991baa2a0a13b207ac22a5acae69e0d86a19640	3c2f4ff13eb5e69ee4ad10063991baa2a0a13b207ac22a5acae69e0d86a19640	3c2f4ff13eb5e69ee4ad10063991baa2a0a13b207ac22a5acae69e0d86a19640	0	NATIVE_EVALUATOR
0.9976218514883873	c8f38c17ba21e819d49730b0818e9a55a9dc8f07a2dd3c4462c5b42dd9e99c10	ncomms19_365dishes	0	0.330785853	a9ccb311ac47f34a3934bb868bc3a21af0f77de0cf1355d5b680cd9bef516874	0.985279685966634	2008	PASS	0	2038	66804	0.3567222767419038	threads_16/round_01_seed_6c2f91a47bd803e52a9c14f8d730be65/.internal/order.jsonl.gz	b64ffae49c54471d863ce2a9e906e5a0ffd66c61d5c4cf15930f8dc23142b0b9	1.319375843	old	2038	threads_16/round_01_seed_6c2f91a47bd803e52a9c14f8d730be65/pred.tsv	07e6f8a1f22899d026ddc034d3f0017b22a72e509852e34e3a81284358c6696e	1ad7369eb95ba9b681ef3fee74dd0316c469d134c65954a926e1a5b8d2ee86af	0.7115865871310234	23611c1d783167ec16913c8b151a1e4895d9bd7ce4f4a1843bc0a9947be260bf	0,1,2,3,4,5,6,7,8,9,10,11,12,13,14,15	16	0	6c2f91a47bd803e52a9c14f8d730be65	EXPLICIT	20260822T184855_954073	0	16	727	305700	3c2f4ff13eb5e69ee4ad10063991baa2a0a13b207ac22a5acae69e0d86a19640	3c2f4ff13eb5e69ee4ad10063991baa2a0a13b207ac22a5acae69e0d86a19640	3c2f4ff13eb5e69ee4ad10063991baa2a0a13b207ac22a5acae69e0d86a19640	0	PAIRED_NEW_EVALUATOR_AFTER_CANONICAL_IDENTITY
0.9976218514883873	c8f38c17ba21e819d49730b0818e9a55a9dc8f07a2dd3c4462c5b42dd9e99c10	ncomms19_365dishes	0	0.443314111	2b1d8974bd325b510ac63e0612f459b15a5d5125e60f065fddc11196c50ceff3	0.985279685966634	2008	PASS	NOT_APPLICABLE	2038	66804	0.3567222767419038	.orders/round_01_seed_6c2f91a47bd803e52a9c14f8d730be65.jsonl.gz	b64ffae49c54471d863ce2a9e906e5a0ffd66c61d5c4cf15930f8dc23142b0b9	2.133812029	new	2038	threads_16/round_01_seed_6c2f91a47bd803e52a9c14f8d730be65/pred.tsv	44b7745c32c77c1387b08196c191d9de01d29d2441ad8f4153b3d49ff4d90e51	1ad7369eb95ba9b681ef3fee74dd0316c469d134c65954a926e1a5b8d2ee86af	0.8998198844492435	66ce485be663e65967a2e17dee1a6b23b84789e405ffef8bb97fe80ea74a1b2e	0,1,2,3,4,5,6,7,8,9,10,11,12,13,14,15	16	NOT_APPLICABLE	6c2f91a47bd803e52a9c14f8d730be65	EXPLICIT	acor_20260822T184857_b1afbed9a4424a81967e7081d0d272a2	NOT_APPLICABLE	16	727	305700	3c2f4ff13eb5e69ee4ad10063991baa2a0a13b207ac22a5acae69e0d86a19640	3c2f4ff13eb5e69ee4ad10063991baa2a0a13b207ac22a5acae69e0d86a19640	3c2f4ff13eb5e69ee4ad10063991baa2a0a13b207ac22a5acae69e0d86a19640	0	NATIVE_EVALUATOR
0.9976218514883873	c8f38c17ba21e819d49730b0818e9a55a9dc8f07a2dd3c4462c5b42dd9e99c10	ncomms19_365dishes	0	0.378735647	a9ccb311ac47f34a3934bb868bc3a21af0f77de0cf1355d5b680cd9bef516874	0.985279685966634	2008	PASS	0	2038	66804	0.3567222767419038	threads_20/round_01_seed_6c2f91a47bd803e52a9c14f8d730be65/.internal/order.jsonl.gz	b64ffae49c54471d863ce2a9e906e5a0ffd66c61d5c4cf15930f8dc23142b0b9	1.372535072	old	2038	threads_20/round_01_seed_6c2f91a47bd803e52a9c14f8d730be65/pred.tsv	07e6f8a1f22899d026ddc034d3f0017b22a72e509852e34e3a81284358c6696e	1ad7369eb95ba9b681ef3fee74dd0316c469d134c65954a926e1a5b8d2ee86af	0.7737876065075397	23611c1d783167ec16913c8b151a1e4895d9bd7ce4f4a1843bc0a9947be260bf	0,1,2,3,4,5,6,7,8,9,10,11,12,13,14,15,16,17,18,19	20	0	6c2f91a47bd803e52a9c14f8d730be65	EXPLICIT	20260822T184859_647064	0	20	727	305700	3c2f4ff13eb5e69ee4ad10063991baa2a0a13b207ac22a5acae69e0d86a19640	3c2f4ff13eb5e69ee4ad10063991baa2a0a13b207ac22a5acae69e0d86a19640	3c2f4ff13eb5e69ee4ad10063991baa2a0a13b207ac22a5acae69e0d86a19640	0	PAIRED_NEW_EVALUATOR_AFTER_CANONICAL_IDENTITY
0.9976218514883873	c8f38c17ba21e819d49730b0818e9a55a9dc8f07a2dd3c4462c5b42dd9e99c10	ncomms19_365dishes	0	0.426669374	2b1d8974bd325b510ac63e0612f459b15a5d5125e60f065fddc11196c50ceff3	0.985279685966634	2008	PASS	NOT_APPLICABLE	2038	66804	0.3567222767419038	.orders/round_01_seed_6c2f91a47bd803e52a9c14f8d730be65.jsonl.gz	b64ffae49c54471d863ce2a9e906e5a0ffd66c61d5c4cf15930f8dc23142b0b9	1.911169488	new	2038	threads_20/round_01_seed_6c2f91a47bd803e52a9c14f8d730be65/pred.tsv	44b7745c32c77c1387b08196c191d9de01d29d2441ad8f4153b3d49ff4d90e51	1ad7369eb95ba9b681ef3fee74dd0316c469d134c65954a926e1a5b8d2ee86af	0.8462118841707706	66ce485be663e65967a2e17dee1a6b23b84789e405ffef8bb97fe80ea74a1b2e	0,1,2,3,4,5,6,7,8,9,10,11,12,13,14,15,16,17,18,19	20	NOT_APPLICABLE	6c2f91a47bd803e52a9c14f8d730be65	EXPLICIT	acor_20260822T184900_2b73003046274a3cbe908a004d53730f	NOT_APPLICABLE	20	727	305700	3c2f4ff13eb5e69ee4ad10063991baa2a0a13b207ac22a5acae69e0d86a19640	3c2f4ff13eb5e69ee4ad10063991baa2a0a13b207ac22a5acae69e0d86a19640	3c2f4ff13eb5e69ee4ad10063991baa2a0a13b207ac22a5acae69e0d86a19640	0	NATIVE_EVALUATOR
0.9976218514883873	c8f38c17ba21e819d49730b0818e9a55a9dc8f07a2dd3c4462c5b42dd9e99c10	ncomms19_365dishes	0	0.501661963	a9ccb311ac47f34a3934bb868bc3a21af0f77de0cf1355d5b680cd9bef516874	0.985279685966634	2008	PASS	0	2038	66804	0.3567222767419038	threads_32/round_01_seed_6c2f91a47bd803e52a9c14f8d730be65/.internal/order.jsonl.gz	b64ffae49c54471d863ce2a9e906e5a0ffd66c61d5c4cf15930f8dc23142b0b9	1.539640266	old	2038	threads_32/round_01_seed_6c2f91a47bd803e52a9c14f8d730be65/pred.tsv	07e6f8a1f22899d026ddc034d3f0017b22a72e509852e34e3a81284358c6696e	1ad7369eb95ba9b681ef3fee74dd0316c469d134c65954a926e1a5b8d2ee86af	0.9558973535895348	23611c1d783167ec16913c8b151a1e4895d9bd7ce4f4a1843bc0a9947be260bf	0,1,2,3,4,5,6,7,8,9,10,11,12,13,14,15,16,17,18,19,20,21,22,23,24,25,26,27,28,29,30,31	32	0	6c2f91a47bd803e52a9c14f8d730be65	EXPLICIT	20260822T184902_962157	0	32	727	305700	3c2f4ff13eb5e69ee4ad10063991baa2a0a13b207ac22a5acae69e0d86a19640	3c2f4ff13eb5e69ee4ad10063991baa2a0a13b207ac22a5acae69e0d86a19640	3c2f4ff13eb5e69ee4ad10063991baa2a0a13b207ac22a5acae69e0d86a19640	0	PAIRED_NEW_EVALUATOR_AFTER_CANONICAL_IDENTITY
0.9976218514883873	c8f38c17ba21e819d49730b0818e9a55a9dc8f07a2dd3c4462c5b42dd9e99c10	ncomms19_365dishes	0	0.537711948	2b1d8974bd325b510ac63e0612f459b15a5d5125e60f065fddc11196c50ceff3	0.985279685966634	2008	PASS	NOT_APPLICABLE	2038	66804	0.3567222767419038	.orders/round_01_seed_6c2f91a47bd803e52a9c14f8d730be65.jsonl.gz	b64ffae49c54471d863ce2a9e906e5a0ffd66c61d5c4cf15930f8dc23142b0b9	2.136396278	new	2038	threads_32/round_01_seed_6c2f91a47bd803e52a9c14f8d730be65/pred.tsv	44b7745c32c77c1387b08196c191d9de01d29d2441ad8f4153b3d49ff4d90e51	1ad7369eb95ba9b681ef3fee74dd0316c469d134c65954a926e1a5b8d2ee86af	0.9634472541511059	66ce485be663e65967a2e17dee1a6b23b84789e405ffef8bb97fe80ea74a1b2e	0,1,2,3,4,5,6,7,8,9,10,11,12,13,14,15,16,17,18,19,20,21,22,23,24,25,26,27,28,29,30,31	32	NOT_APPLICABLE	6c2f91a47bd803e52a9c14f8d730be65	EXPLICIT	acor_20260822T184904_1d4c656f639d4d3a96b60fedc19de54e	NOT_APPLICABLE	32	727	305700	3c2f4ff13eb5e69ee4ad10063991baa2a0a13b207ac22a5acae69e0d86a19640	3c2f4ff13eb5e69ee4ad10063991baa2a0a13b207ac22a5acae69e0d86a19640	3c2f4ff13eb5e69ee4ad10063991baa2a0a13b207ac22a5acae69e0d86a19640	0	NATIVE_EVALUATOR
0.9976218514883873	c8f38c17ba21e819d49730b0818e9a55a9dc8f07a2dd3c4462c5b42dd9e99c10	ncomms19_365dishes	0	0.427524829	2b1d8974bd325b510ac63e0612f459b15a5d5125e60f065fddc11196c50ceff3	0.985279685966634	2008	PASS	NOT_APPLICABLE	2038	66804	0.3567222767419038	.orders/round_01_seed_34348d0bd58eedafe04aabe12258dd25.jsonl.gz	5fde85556d56e6b32c808fcbe687259a916ea1cd02223cf156269bcb8dcdba62	1.988998029	new_random	2038	threads_20/round_01_seed_34348d0bd58eedafe04aabe12258dd25/pred.tsv	44b7745c32c77c1387b08196c191d9de01d29d2441ad8f4153b3d49ff4d90e51	1ad7369eb95ba9b681ef3fee74dd0316c469d134c65954a926e1a5b8d2ee86af	0.8703483045101166	66ce485be663e65967a2e17dee1a6b23b84789e405ffef8bb97fe80ea74a1b2e	0,1,2,3,4,5,6,7,8,9,10,11,12,13,14,15,16,17,18,19	20	NOT_APPLICABLE	34348d0bd58eedafe04aabe12258dd25	OS_RANDOM	acor_20260822T184906_a85f079bbfde4acea07eba58cd4d1155	NOT_APPLICABLE	20	727	305700	3c2f4ff13eb5e69ee4ad10063991baa2a0a13b207ac22a5acae69e0d86a19640	3c2f4ff13eb5e69ee4ad10063991baa2a0a13b207ac22a5acae69e0d86a19640	3c2f4ff13eb5e69ee4ad10063991baa2a0a13b207ac22a5acae69e0d86a19640	0	NATIVE_EVALUATOR
0.9976218514883873	c8f38c17ba21e819d49730b0818e9a55a9dc8f07a2dd3c4462c5b42dd9e99c10	ncomms19_365dishes	0	0.426315183	2b1d8974bd325b510ac63e0612f459b15a5d5125e60f065fddc11196c50ceff3	0.985279685966634	2008	PASS	NOT_APPLICABLE	2038	66804	0.3567222767419038	.orders/round_01_seed_34348d0bd58eedafe04aabe12258dd25.jsonl.gz	5fde85556d56e6b32c808fcbe687259a916ea1cd02223cf156269bcb8dcdba62	1.921620347	new_replay	2038	threads_20/round_01_seed_34348d0bd58eedafe04aabe12258dd25/pred.tsv	44b7745c32c77c1387b08196c191d9de01d29d2441ad8f4153b3d49ff4d90e51	1ad7369eb95ba9b681ef3fee74dd0316c469d134c65954a926e1a5b8d2ee86af	0.8287270404398441	66ce485be663e65967a2e17dee1a6b23b84789e405ffef8bb97fe80ea74a1b2e	0,1,2,3,4,5,6,7,8,9,10,11,12,13,14,15,16,17,18,19	20	NOT_APPLICABLE	34348d0bd58eedafe04aabe12258dd25	EXPLICIT	acor_20260822T184908_3ebdabb8d0e3489fae5b0d0b66a5e2b7	NOT_APPLICABLE	20	727	305700	3c2f4ff13eb5e69ee4ad10063991baa2a0a13b207ac22a5acae69e0d86a19640	3c2f4ff13eb5e69ee4ad10063991baa2a0a13b207ac22a5acae69e0d86a19640	3c2f4ff13eb5e69ee4ad10063991baa2a0a13b207ac22a5acae69e0d86a19640	0	NATIVE_EVALUATOR
0.9982635714285715	38bd39c82670d963613c663a37ee59954170022bac778404da42c1c62a9a4dbd	binned_nanopore	0	2.731076642	a9ccb311ac47f34a3934bb868bc3a21af0f77de0cf1355d5b680cd9bef516874	0.9875	9875	PASS	0	10000	213740	0.2431	threads_1/round_01_seed_6c2f91a47bd803e52a9c14f8d730be65/.internal/order.jsonl.gz	9240fac6c46d3f10338c3168fad68dae4567373d11a0adb381261e88d2fddb00	4.424530413	old	10000	threads_1/round_01_seed_6c2f91a47bd803e52a9c14f8d730be65/pred.tsv	d86e31bf03be8519d86ae4b5eace83194e7f68f9061bb035307dc6674ad4d0f2	9700a8bad3aca40b071db22e944af8801263155dfcf5bfa41e6ff08c2ff3f663	3.9927880354225636	23611c1d783167ec16913c8b151a1e4895d9bd7ce4f4a1843bc0a9947be260bf	0	1	0	6c2f91a47bd803e52a9c14f8d730be65	EXPLICIT	20260822T184910_731082	0	1	2431	1400000	3476f4f9b8b02642c0fa7c1edfbbbc79aa26b7ab5f32dd13ebd3c8cbf6bdcf06	3476f4f9b8b02642c0fa7c1edfbbbc79aa26b7ab5f32dd13ebd3c8cbf6bdcf06	3476f4f9b8b02642c0fa7c1edfbbbc79aa26b7ab5f32dd13ebd3c8cbf6bdcf06	0	PAIRED_NEW_EVALUATOR_AFTER_CANONICAL_IDENTITY
0.9982635714285715	38bd39c82670d963613c663a37ee59954170022bac778404da42c1c62a9a4dbd	binned_nanopore	0	5.803118772	2b1d8974bd325b510ac63e0612f459b15a5d5125e60f065fddc11196c50ceff3	0.9875	9875	PASS	NOT_APPLICABLE	10000	213740	0.2431	.orders/round_01_seed_6c2f91a47bd803e52a9c14f8d730be65.jsonl.gz	9240fac6c46d3f10338c3168fad68dae4567373d11a0adb381261e88d2fddb00	7.980593480	new	10000	threads_1/round_01_seed_6c2f91a47bd803e52a9c14f8d730be65/pred.tsv	23977b64916e25b123e7be7b35b7b2e2b74d82790653ca20e00254f7d30edfb7	9700a8bad3aca40b071db22e944af8801263155dfcf5bfa41e6ff08c2ff3f663	7.184314273297787	66ce485be663e65967a2e17dee1a6b23b84789e405ffef8bb97fe80ea74a1b2e	0	1	NOT_APPLICABLE	6c2f91a47bd803e52a9c14f8d730be65	EXPLICIT	acor_20260822T184915_3dcff77ddd344872addb5085716c683b	NOT_APPLICABLE	1	2431	1400000	3476f4f9b8b02642c0fa7c1edfbbbc79aa26b7ab5f32dd13ebd3c8cbf6bdcf06	3476f4f9b8b02642c0fa7c1edfbbbc79aa26b7ab5f32dd13ebd3c8cbf6bdcf06	3476f4f9b8b02642c0fa7c1edfbbbc79aa26b7ab5f32dd13ebd3c8cbf6bdcf06	0	NATIVE_EVALUATOR
0.9982635714285715	38bd39c82670d963613c663a37ee59954170022bac778404da42c1c62a9a4dbd	binned_nanopore	0	0.911640707	a9ccb311ac47f34a3934bb868bc3a21af0f77de0cf1355d5b680cd9bef516874	0.9875	9875	PASS	0	10000	213740	0.2431	threads_4/round_01_seed_6c2f91a47bd803e52a9c14f8d730be65/.internal/order.jsonl.gz	9240fac6c46d3f10338c3168fad68dae4567373d11a0adb381261e88d2fddb00	2.504446410	old	10000	threads_4/round_01_seed_6c2f91a47bd803e52a9c14f8d730be65/pred.tsv	d86e31bf03be8519d86ae4b5eace83194e7f68f9061bb035307dc6674ad4d0f2	9700a8bad3aca40b071db22e944af8801263155dfcf5bfa41e6ff08c2ff3f663	2.054529517889023	23611c1d783167ec16913c8b151a1e4895d9bd7ce4f4a1843bc0a9947be260bf	0,1,2,3	4	0	6c2f91a47bd803e52a9c14f8d730be65	EXPLICIT	20260822T184923_438888	0	4	2431	1400000	3476f4f9b8b02642c0fa7c1edfbbbc79aa26b7ab5f32dd13ebd3c8cbf6bdcf06	3476f4f9b8b02642c0fa7c1edfbbbc79aa26b7ab5f32dd13ebd3c8cbf6bdcf06	3476f4f9b8b02642c0fa7c1edfbbbc79aa26b7ab5f32dd13ebd3c8cbf6bdcf06	0	PAIRED_NEW_EVALUATOR_AFTER_CANONICAL_IDENTITY
0.9982635714285715	38bd39c82670d963613c663a37ee59954170022bac778404da42c1c62a9a4dbd	binned_nanopore	0	1.835280424	2b1d8974bd325b510ac63e0612f459b15a5d5125e60f065fddc11196c50ceff3	0.9875	9875	PASS	NOT_APPLICABLE	10000	213740	0.2431	.orders/round_01_seed_6c2f91a47bd803e52a9c14f8d730be65.jsonl.gz	9240fac6c46d3f10338c3168fad68dae4567373d11a0adb381261e88d2fddb00	4.053532552	new	10000	threads_4/round_01_seed_6c2f91a47bd803e52a9c14f8d730be65/pred.tsv	23977b64916e25b123e7be7b35b7b2e2b74d82790653ca20e00254f7d30edfb7	9700a8bad3aca40b071db22e944af8801263155dfcf5bfa41e6ff08c2ff3f663	3.238740984350443	66ce485be663e65967a2e17dee1a6b23b84789e405ffef8bb97fe80ea74a1b2e	0,1,2,3	4	NOT_APPLICABLE	6c2f91a47bd803e52a9c14f8d730be65	EXPLICIT	acor_20260822T184925_826032595fbc49b68a5c80ebca458ff8	NOT_APPLICABLE	4	2431	1400000	3476f4f9b8b02642c0fa7c1edfbbbc79aa26b7ab5f32dd13ebd3c8cbf6bdcf06	3476f4f9b8b02642c0fa7c1edfbbbc79aa26b7ab5f32dd13ebd3c8cbf6bdcf06	3476f4f9b8b02642c0fa7c1edfbbbc79aa26b7ab5f32dd13ebd3c8cbf6bdcf06	0	NATIVE_EVALUATOR
0.9982635714285715	38bd39c82670d963613c663a37ee59954170022bac778404da42c1c62a9a4dbd	binned_nanopore	0	0.52119869	a9ccb311ac47f34a3934bb868bc3a21af0f77de0cf1355d5b680cd9bef516874	0.9875	9875	PASS	0	10000	213740	0.2431	threads_16/round_01_seed_6c2f91a47bd803e52a9c14f8d730be65/.internal/order.jsonl.gz	9240fac6c46d3f10338c3168fad68dae4567373d11a0adb381261e88d2fddb00	2.127332836	old	10000	threads_16/round_01_seed_6c2f91a47bd803e52a9c14f8d730be65/pred.tsv	d86e31bf03be8519d86ae4b5eace83194e7f68f9061bb035307dc6674ad4d0f2	9700a8bad3aca40b071db22e944af8801263155dfcf5bfa41e6ff08c2ff3f663	1.7012948468327522	23611c1d783167ec16913c8b151a1e4895d9bd7ce4f4a1843bc0a9947be260bf	0,1,2,3,4,5,6,7,8,9,10,11,12,13,14,15	16	0	6c2f91a47bd803e52a9c14f8d730be65	EXPLICIT	20260822T184930_294406	0	16	2431	1400000	3476f4f9b8b02642c0fa7c1edfbbbc79aa26b7ab5f32dd13ebd3c8cbf6bdcf06	3476f4f9b8b02642c0fa7c1edfbbbc79aa26b7ab5f32dd13ebd3c8cbf6bdcf06	3476f4f9b8b02642c0fa7c1edfbbbc79aa26b7ab5f32dd13ebd3c8cbf6bdcf06	0	PAIRED_NEW_EVALUATOR_AFTER_CANONICAL_IDENTITY
0.9982635714285715	38bd39c82670d963613c663a37ee59954170022bac778404da42c1c62a9a4dbd	binned_nanopore	0	0.77287536	2b1d8974bd325b510ac63e0612f459b15a5d5125e60f065fddc11196c50ceff3	0.9875	9875	PASS	NOT_APPLICABLE	10000	213740	0.2431	.orders/round_01_seed_6c2f91a47bd803e52a9c14f8d730be65.jsonl.gz	9240fac6c46d3f10338c3168fad68dae4567373d11a0adb381261e88d2fddb00	2.873247463	new	10000	threads_16/round_01_seed_6c2f91a47bd803e52a9c14f8d730be65/pred.tsv	23977b64916e25b123e7be7b35b7b2e2b74d82790653ca20e00254f7d30edfb7	9700a8bad3aca40b071db22e944af8801263155dfcf5bfa41e6ff08c2ff3f663	2.2090684063732624	66ce485be663e65967a2e17dee1a6b23b84789e405ffef8bb97fe80ea74a1b2e	0,1,2,3,4,5,6,7,8,9,10,11,12,13,14,15	16	NOT_APPLICABLE	6c2f91a47bd803e52a9c14f8d730be65	EXPLICIT	acor_20260822T184932_b58288008a9741ffb01c9f9fc9bf97cc	NOT_APPLICABLE	16	2431	1400000	3476f4f9b8b02642c0fa7c1edfbbbc79aa26b7ab5f32dd13ebd3c8cbf6bdcf06	3476f4f9b8b02642c0fa7c1edfbbbc79aa26b7ab5f32dd13ebd3c8cbf6bdcf06	3476f4f9b8b02642c0fa7c1edfbbbc79aa26b7ab5f32dd13ebd3c8cbf6bdcf06	0	NATIVE_EVALUATOR
0.9982635714285715	38bd39c82670d963613c663a37ee59954170022bac778404da42c1c62a9a4dbd	binned_nanopore	0	0.481287316	a9ccb311ac47f34a3934bb868bc3a21af0f77de0cf1355d5b680cd9bef516874	0.9875	9875	PASS	0	10000	213740	0.2431	threads_20/round_01_seed_6c2f91a47bd803e52a9c14f8d730be65/.internal/order.jsonl.gz	9240fac6c46d3f10338c3168fad68dae4567373d11a0adb381261e88d2fddb00	2.052056313	old	10000	threads_20/round_01_seed_6c2f91a47bd803e52a9c14f8d730be65/pred.tsv	d86e31bf03be8519d86ae4b5eace83194e7f68f9061bb035307dc6674ad4d0f2	9700a8bad3aca40b071db22e944af8801263155dfcf5bfa41e6ff08c2ff3f663	1.627299327403307	23611c1d783167ec16913c8b151a1e4895d9bd7ce4f4a1843bc0a9947be260bf	0,1,2,3,4,5,6,7,8,9,10,11,12,13,14,15,16,17,18,19	20	0	6c2f91a47bd803e52a9c14f8d730be65	EXPLICIT	20260822T184935_907914	0	20	2431	1400000	3476f4f9b8b02642c0fa7c1edfbbbc79aa26b7ab5f32dd13ebd3c8cbf6bdcf06	3476f4f9b8b02642c0fa7c1edfbbbc79aa26b7ab5f32dd13ebd3c8cbf6bdcf06	3476f4f9b8b02642c0fa7c1edfbbbc79aa26b7ab5f32dd13ebd3c8cbf6bdcf06	0	PAIRED_NEW_EVALUATOR_AFTER_CANONICAL_IDENTITY
0.9982635714285715	38bd39c82670d963613c663a37ee59954170022bac778404da42c1c62a9a4dbd	binned_nanopore	0	0.707169876	2b1d8974bd325b510ac63e0612f459b15a5d5125e60f065fddc11196c50ceff3	0.9875	9875	PASS	NOT_APPLICABLE	10000	213740	0.2431	.orders/round_01_seed_6c2f91a47bd803e52a9c14f8d730be65.jsonl.gz	9240fac6c46d3f10338c3168fad68dae4567373d11a0adb381261e88d2fddb00	2.953190308	new	10000	threads_20/round_01_seed_6c2f91a47bd803e52a9c14f8d730be65/pred.tsv	23977b64916e25b123e7be7b35b7b2e2b74d82790653ca20e00254f7d30edfb7	9700a8bad3aca40b071db22e944af8801263155dfcf5bfa41e6ff08c2ff3f663	2.208497352898121	66ce485be663e65967a2e17dee1a6b23b84789e405ffef8bb97fe80ea74a1b2e	0,1,2,3,4,5,6,7,8,9,10,11,12,13,14,15,16,17,18,19	20	NOT_APPLICABLE	6c2f91a47bd803e52a9c14f8d730be65	EXPLICIT	acor_20260822T184937_1990f701dbf541b491b30717664d118f	NOT_APPLICABLE	20	2431	1400000	3476f4f9b8b02642c0fa7c1edfbbbc79aa26b7ab5f32dd13ebd3c8cbf6bdcf06	3476f4f9b8b02642c0fa7c1edfbbbc79aa26b7ab5f32dd13ebd3c8cbf6bdcf06	3476f4f9b8b02642c0fa7c1edfbbbc79aa26b7ab5f32dd13ebd3c8cbf6bdcf06	0	NATIVE_EVALUATOR
0.9982635714285715	38bd39c82670d963613c663a37ee59954170022bac778404da42c1c62a9a4dbd	binned_nanopore	0	0.590323461	a9ccb311ac47f34a3934bb868bc3a21af0f77de0cf1355d5b680cd9bef516874	0.9875	9875	PASS	0	10000	213740	0.2431	threads_32/round_01_seed_6c2f91a47bd803e52a9c14f8d730be65/.internal/order.jsonl.gz	9240fac6c46d3f10338c3168fad68dae4567373d11a0adb381261e88d2fddb00	2.225382645	old	10000	threads_32/round_01_seed_6c2f91a47bd803e52a9c14f8d730be65/pred.tsv	d86e31bf03be8519d86ae4b5eace83194e7f68f9061bb035307dc6674ad4d0f2	9700a8bad3aca40b071db22e944af8801263155dfcf5bfa41e6ff08c2ff3f663	1.7972279377281666	23611c1d783167ec16913c8b151a1e4895d9bd7ce4f4a1843bc0a9947be260bf	0,1,2,3,4,5,6,7,8,9,10,11,12,13,14,15,16,17,18,19,20,21,22,23,24,25,26,27,28,29,30,31	32	0	6c2f91a47bd803e52a9c14f8d730be65	EXPLICIT	20260822T184940_617209	0	32	2431	1400000	3476f4f9b8b02642c0fa7c1edfbbbc79aa26b7ab5f32dd13ebd3c8cbf6bdcf06	3476f4f9b8b02642c0fa7c1edfbbbc79aa26b7ab5f32dd13ebd3c8cbf6bdcf06	3476f4f9b8b02642c0fa7c1edfbbbc79aa26b7ab5f32dd13ebd3c8cbf6bdcf06	0	PAIRED_NEW_EVALUATOR_AFTER_CANONICAL_IDENTITY
0.9982635714285715	38bd39c82670d963613c663a37ee59954170022bac778404da42c1c62a9a4dbd	binned_nanopore	0	0.740709193	2b1d8974bd325b510ac63e0612f459b15a5d5125e60f065fddc11196c50ceff3	0.9875	9875	PASS	NOT_APPLICABLE	10000	213740	0.2431	.orders/round_01_seed_6c2f91a47bd803e52a9c14f8d730be65.jsonl.gz	9240fac6c46d3f10338c3168fad68dae4567373d11a0adb381261e88d2fddb00	2.905180991	new	10000	threads_32/round_01_seed_6c2f91a47bd803e52a9c14f8d730be65/pred.tsv	23977b64916e25b123e7be7b35b7b2e2b74d82790653ca20e00254f7d30edfb7	9700a8bad3aca40b071db22e944af8801263155dfcf5bfa41e6ff08c2ff3f663	2.2043777778744698	66ce485be663e65967a2e17dee1a6b23b84789e405ffef8bb97fe80ea74a1b2e	0,1,2,3,4,5,6,7,8,9,10,11,12,13,14,15,16,17,18,19,20,21,22,23,24,25,26,27,28,29,30,31	32	NOT_APPLICABLE	6c2f91a47bd803e52a9c14f8d730be65	EXPLICIT	acor_20260822T184942_484b09345ae34f838bc6656f11010800	NOT_APPLICABLE	32	2431	1400000	3476f4f9b8b02642c0fa7c1edfbbbc79aa26b7ab5f32dd13ebd3c8cbf6bdcf06	3476f4f9b8b02642c0fa7c1edfbbbc79aa26b7ab5f32dd13ebd3c8cbf6bdcf06	3476f4f9b8b02642c0fa7c1edfbbbc79aa26b7ab5f32dd13ebd3c8cbf6bdcf06	0	NATIVE_EVALUATOR
0.9982635714285715	38bd39c82670d963613c663a37ee59954170022bac778404da42c1c62a9a4dbd	binned_nanopore	0	0.707500015	2b1d8974bd325b510ac63e0612f459b15a5d5125e60f065fddc11196c50ceff3	0.9875	9875	PASS	NOT_APPLICABLE	10000	213740	0.2431	.orders/round_01_seed_4490c2f3345aad26cf07f7032fd92301.jsonl.gz	c222ab1a9d1af4aeb1037d0606714e6a5ef895d1965493177cea71e1ce41edbc	2.891488038	new_random	10000	threads_20/round_01_seed_4490c2f3345aad26cf07f7032fd92301/pred.tsv	23977b64916e25b123e7be7b35b7b2e2b74d82790653ca20e00254f7d30edfb7	9700a8bad3aca40b071db22e944af8801263155dfcf5bfa41e6ff08c2ff3f663	2.1459912545979023	66ce485be663e65967a2e17dee1a6b23b84789e405ffef8bb97fe80ea74a1b2e	0,1,2,3,4,5,6,7,8,9,10,11,12,13,14,15,16,17,18,19	20	NOT_APPLICABLE	4490c2f3345aad26cf07f7032fd92301	OS_RANDOM	acor_20260822T184945_63c53aebf3704e3d9998bc6c1909033c	NOT_APPLICABLE	20	2431	1400000	3476f4f9b8b02642c0fa7c1edfbbbc79aa26b7ab5f32dd13ebd3c8cbf6bdcf06	3476f4f9b8b02642c0fa7c1edfbbbc79aa26b7ab5f32dd13ebd3c8cbf6bdcf06	3476f4f9b8b02642c0fa7c1edfbbbc79aa26b7ab5f32dd13ebd3c8cbf6bdcf06	0	NATIVE_EVALUATOR
0.9982635714285715	38bd39c82670d963613c663a37ee59954170022bac778404da42c1c62a9a4dbd	binned_nanopore	0	0.705392288	2b1d8974bd325b510ac63e0612f459b15a5d5125e60f065fddc11196c50ceff3	0.9875	9875	PASS	NOT_APPLICABLE	10000	213740	0.2431	.orders/round_01_seed_4490c2f3345aad26cf07f7032fd92301.jsonl.gz	c222ab1a9d1af4aeb1037d0606714e6a5ef895d1965493177cea71e1ce41edbc	2.764908999	new_replay	10000	threads_20/round_01_seed_4490c2f3345aad26cf07f7032fd92301/pred.tsv	23977b64916e25b123e7be7b35b7b2e2b74d82790653ca20e00254f7d30edfb7	9700a8bad3aca40b071db22e944af8801263155dfcf5bfa41e6ff08c2ff3f663	2.078901156783104	66ce485be663e65967a2e17dee1a6b23b84789e405ffef8bb97fe80ea74a1b2e	0,1,2,3,4,5,6,7,8,9,10,11,12,13,14,15,16,17,18,19	20	NOT_APPLICABLE	4490c2f3345aad26cf07f7032fd92301	EXPLICIT	acor_20260822T184948_617717c69ea648ff940ed29dbadf7eac	NOT_APPLICABLE	20	2431	1400000	3476f4f9b8b02642c0fa7c1edfbbbc79aa26b7ab5f32dd13ebd3c8cbf6bdcf06	3476f4f9b8b02642c0fa7c1edfbbbc79aa26b7ab5f32dd13ebd3c8cbf6bdcf06	3476f4f9b8b02642c0fa7c1edfbbbc79aa26b7ab5f32dd13ebd3c8cbf6bdcf06	0	NATIVE_EVALUATOR
0.9983027389277389	069af40e56e95fe6b75b8e3ee6b7d0e4b7a21e0c88e05b47f7b5fad6dd135ae9	microsoft_cnr	0	2.621067017	a9ccb311ac47f34a3934bb868bc3a21af0f77de0cf1355d5b680cd9bef516874	0.9433092948717948	9418	PASS	0	9984	269709	0.18669871794871795	threads_1/round_01_seed_6c2f91a47bd803e52a9c14f8d730be65/.internal/order.jsonl.gz	c72f44b4dfa28ed745477b9f0c86dcb7f9144229a2e01b6e45723d5950d87fcd	4.019039869	old	9984	threads_1/round_01_seed_6c2f91a47bd803e52a9c14f8d730be65/pred.tsv	04f9dec9a94e1f929086df9caca2a2618f1e48f50cc12f98270bfb1eaccb655a	25557bcea1de73ab157e291caa624b1f097737ab15c09390f537faf99b72f8e1	3.5061409808695316	23611c1d783167ec16913c8b151a1e4895d9bd7ce4f4a1843bc0a9947be260bf	0	1	0	6c2f91a47bd803e52a9c14f8d730be65	EXPLICIT	20260822T184951_297523	0	1	1864	1098240	c61de74c9a662e2db2694f2885171ae53f1b9847ab49ddffc4148863ae8516af	c61de74c9a662e2db2694f2885171ae53f1b9847ab49ddffc4148863ae8516af	c61de74c9a662e2db2694f2885171ae53f1b9847ab49ddffc4148863ae8516af	0	PAIRED_NEW_EVALUATOR_AFTER_CANONICAL_IDENTITY
0.9983027389277389	069af40e56e95fe6b75b8e3ee6b7d0e4b7a21e0c88e05b47f7b5fad6dd135ae9	microsoft_cnr	0	5.801833022	2b1d8974bd325b510ac63e0612f459b15a5d5125e60f065fddc11196c50ceff3	0.9433092948717948	9418	PASS	NOT_APPLICABLE	9984	269709	0.18669871794871795	.orders/round_01_seed_6c2f91a47bd803e52a9c14f8d730be65.jsonl.gz	c72f44b4dfa28ed745477b9f0c86dcb7f9144229a2e01b6e45723d5950d87fcd	7.758399609	new	9984	threads_1/round_01_seed_6c2f91a47bd803e52a9c14f8d730be65/pred.tsv	1011d284f5a9207dd2c087d4667eeeae29dc4f70c1bcb6bc2d412949734c6333	25557bcea1de73ab157e291caa624b1f097737ab15c09390f537faf99b72f8e1	6.9559606947004795	66ce485be663e65967a2e17dee1a6b23b84789e405ffef8bb97fe80ea74a1b2e	0	1	NOT_APPLICABLE	6c2f91a47bd803e52a9c14f8d730be65	EXPLICIT	acor_20260822T184955_7b9172aa9f7b44438ce48225ccdf2c02	NOT_APPLICABLE	1	1864	1098240	c61de74c9a662e2db2694f2885171ae53f1b9847ab49ddffc4148863ae8516af	c61de74c9a662e2db2694f2885171ae53f1b9847ab49ddffc4148863ae8516af	c61de74c9a662e2db2694f2885171ae53f1b9847ab49ddffc4148863ae8516af	0	NATIVE_EVALUATOR
0.9983027389277389	069af40e56e95fe6b75b8e3ee6b7d0e4b7a21e0c88e05b47f7b5fad6dd135ae9	microsoft_cnr	0	0.908763351	a9ccb311ac47f34a3934bb868bc3a21af0f77de0cf1355d5b680cd9bef516874	0.9433092948717948	9418	PASS	0	9984	269709	0.18669871794871795	threads_4/round_01_seed_6c2f91a47bd803e52a9c14f8d730be65/.internal/order.jsonl.gz	c72f44b4dfa28ed745477b9f0c86dcb7f9144229a2e01b6e45723d5950d87fcd	2.235843830	old	9984	threads_4/round_01_seed_6c2f91a47bd803e52a9c14f8d730be65/pred.tsv	04f9dec9a94e1f929086df9caca2a2618f1e48f50cc12f98270bfb1eaccb655a	25557bcea1de73ab157e291caa624b1f097737ab15c09390f537faf99b72f8e1	1.7482284381985664	23611c1d783167ec16913c8b151a1e4895d9bd7ce4f4a1843bc0a9947be260bf	0,1,2,3	4	0	6c2f91a47bd803e52a9c14f8d730be65	EXPLICIT	20260822T185003_849273	0	4	1864	1098240	c61de74c9a662e2db2694f2885171ae53f1b9847ab49ddffc4148863ae8516af	c61de74c9a662e2db2694f2885171ae53f1b9847ab49ddffc4148863ae8516af	c61de74c9a662e2db2694f2885171ae53f1b9847ab49ddffc4148863ae8516af	0	PAIRED_NEW_EVALUATOR_AFTER_CANONICAL_IDENTITY
0.9983027389277389	069af40e56e95fe6b75b8e3ee6b7d0e4b7a21e0c88e05b47f7b5fad6dd135ae9	microsoft_cnr	0	1.83401618	2b1d8974bd325b510ac63e0612f459b15a5d5125e60f065fddc11196c50ceff3	0.9433092948717948	9418	PASS	NOT_APPLICABLE	9984	269709	0.18669871794871795	.orders/round_01_seed_6c2f91a47bd803e52a9c14f8d730be65.jsonl.gz	c72f44b4dfa28ed745477b9f0c86dcb7f9144229a2e01b6e45723d5950d87fcd	3.783238444	new	9984	threads_4/round_01_seed_6c2f91a47bd803e52a9c14f8d730be65/pred.tsv	1011d284f5a9207dd2c087d4667eeeae29dc4f70c1bcb6bc2d412949734c6333	25557bcea1de73ab157e291caa624b1f097737ab15c09390f537faf99b72f8e1	3.0038629919290543	66ce485be663e65967a2e17dee1a6b23b84789e405ffef8bb97fe80ea74a1b2e	0,1,2,3	4	NOT_APPLICABLE	6c2f91a47bd803e52a9c14f8d730be65	EXPLICIT	acor_20260822T185005_8defb711e2d242e3b210dafe36c1a0d5	NOT_APPLICABLE	4	1864	1098240	c61de74c9a662e2db2694f2885171ae53f1b9847ab49ddffc4148863ae8516af	c61de74c9a662e2db2694f2885171ae53f1b9847ab49ddffc4148863ae8516af	c61de74c9a662e2db2694f2885171ae53f1b9847ab49ddffc4148863ae8516af	0	NATIVE_EVALUATOR
0.9983027389277389	069af40e56e95fe6b75b8e3ee6b7d0e4b7a21e0c88e05b47f7b5fad6dd135ae9	microsoft_cnr	0	0.545328393	a9ccb311ac47f34a3934bb868bc3a21af0f77de0cf1355d5b680cd9bef516874	0.9433092948717948	9418	PASS	0	9984	269709	0.18669871794871795	threads_16/round_01_seed_6c2f91a47bd803e52a9c14f8d730be65/.internal/order.jsonl.gz	c72f44b4dfa28ed745477b9f0c86dcb7f9144229a2e01b6e45723d5950d87fcd	1.880206201	old	9984	threads_16/round_01_seed_6c2f91a47bd803e52a9c14f8d730be65/pred.tsv	04f9dec9a94e1f929086df9caca2a2618f1e48f50cc12f98270bfb1eaccb655a	25557bcea1de73ab157e291caa624b1f097737ab15c09390f537faf99b72f8e1	1.3724821396172047	23611c1d783167ec16913c8b151a1e4895d9bd7ce4f4a1843bc0a9947be260bf	0,1,2,3,4,5,6,7,8,9,10,11,12,13,14,15	16	0	6c2f91a47bd803e52a9c14f8d730be65	EXPLICIT	20260822T185009_585684	0	16	1864	1098240	c61de74c9a662e2db2694f2885171ae53f1b9847ab49ddffc4148863ae8516af	c61de74c9a662e2db2694f2885171ae53f1b9847ab49ddffc4148863ae8516af	c61de74c9a662e2db2694f2885171ae53f1b9847ab49ddffc4148863ae8516af	0	PAIRED_NEW_EVALUATOR_AFTER_CANONICAL_IDENTITY
0.9983027389277389	069af40e56e95fe6b75b8e3ee6b7d0e4b7a21e0c88e05b47f7b5fad6dd135ae9	microsoft_cnr	0	0.780265532	2b1d8974bd325b510ac63e0612f459b15a5d5125e60f065fddc11196c50ceff3	0.9433092948717948	9418	PASS	NOT_APPLICABLE	9984	269709	0.18669871794871795	.orders/round_01_seed_6c2f91a47bd803e52a9c14f8d730be65.jsonl.gz	c72f44b4dfa28ed745477b9f0c86dcb7f9144229a2e01b6e45723d5950d87fcd	2.647316646	new	9984	threads_16/round_01_seed_6c2f91a47bd803e52a9c14f8d730be65/pred.tsv	1011d284f5a9207dd2c087d4667eeeae29dc4f70c1bcb6bc2d412949734c6333	25557bcea1de73ab157e291caa624b1f097737ab15c09390f537faf99b72f8e1	1.8765514865517616	66ce485be663e65967a2e17dee1a6b23b84789e405ffef8bb97fe80ea74a1b2e	0,1,2,3,4,5,6,7,8,9,10,11,12,13,14,15	16	NOT_APPLICABLE	6c2f91a47bd803e52a9c14f8d730be65	EXPLICIT	acor_20260822T185011_77398c4d097f4f20ab87d3db08a8ea23	NOT_APPLICABLE	16	1864	1098240	c61de74c9a662e2db2694f2885171ae53f1b9847ab49ddffc4148863ae8516af	c61de74c9a662e2db2694f2885171ae53f1b9847ab49ddffc4148863ae8516af	c61de74c9a662e2db2694f2885171ae53f1b9847ab49ddffc4148863ae8516af	0	NATIVE_EVALUATOR
0.9983027389277389	069af40e56e95fe6b75b8e3ee6b7d0e4b7a21e0c88e05b47f7b5fad6dd135ae9	microsoft_cnr	0	0.53240716	a9ccb311ac47f34a3934bb868bc3a21af0f77de0cf1355d5b680cd9bef516874	0.9433092948717948	9418	PASS	0	9984	269709	0.18669871794871795	threads_20/round_01_seed_6c2f91a47bd803e52a9c14f8d730be65/.internal/order.jsonl.gz	c72f44b4dfa28ed745477b9f0c86dcb7f9144229a2e01b6e45723d5950d87fcd	1.853477538	old	9984	threads_20/round_01_seed_6c2f91a47bd803e52a9c14f8d730be65/pred.tsv	04f9dec9a94e1f929086df9caca2a2618f1e48f50cc12f98270bfb1eaccb655a	25557bcea1de73ab157e291caa624b1f097737ab15c09390f537faf99b72f8e1	1.371840737760067	23611c1d783167ec16913c8b151a1e4895d9bd7ce4f4a1843bc0a9947be260bf	0,1,2,3,4,5,6,7,8,9,10,11,12,13,14,15,16,17,18,19	20	0	6c2f91a47bd803e52a9c14f8d730be65	EXPLICIT	20260822T185014_537225	0	20	1864	1098240	c61de74c9a662e2db2694f2885171ae53f1b9847ab49ddffc4148863ae8516af	c61de74c9a662e2db2694f2885171ae53f1b9847ab49ddffc4148863ae8516af	c61de74c9a662e2db2694f2885171ae53f1b9847ab49ddffc4148863ae8516af	0	PAIRED_NEW_EVALUATOR_AFTER_CANONICAL_IDENTITY
0.9983027389277389	069af40e56e95fe6b75b8e3ee6b7d0e4b7a21e0c88e05b47f7b5fad6dd135ae9	microsoft_cnr	0	0.718951888	2b1d8974bd325b510ac63e0612f459b15a5d5125e60f065fddc11196c50ceff3	0.9433092948717948	9418	PASS	NOT_APPLICABLE	9984	269709	0.18669871794871795	.orders/round_01_seed_6c2f91a47bd803e52a9c14f8d730be65.jsonl.gz	c72f44b4dfa28ed745477b9f0c86dcb7f9144229a2e01b6e45723d5950d87fcd	2.585154492	new	9984	threads_20/round_01_seed_6c2f91a47bd803e52a9c14f8d730be65/pred.tsv	1011d284f5a9207dd2c087d4667eeeae29dc4f70c1bcb6bc2d412949734c6333	25557bcea1de73ab157e291caa624b1f097737ab15c09390f537faf99b72f8e1	1.7711551748216152	66ce485be663e65967a2e17dee1a6b23b84789e405ffef8bb97fe80ea74a1b2e	0,1,2,3,4,5,6,7,8,9,10,11,12,13,14,15,16,17,18,19	20	NOT_APPLICABLE	6c2f91a47bd803e52a9c14f8d730be65	EXPLICIT	acor_20260822T185016_0132e1b6531a4e26becff4e0facaad4d	NOT_APPLICABLE	20	1864	1098240	c61de74c9a662e2db2694f2885171ae53f1b9847ab49ddffc4148863ae8516af	c61de74c9a662e2db2694f2885171ae53f1b9847ab49ddffc4148863ae8516af	c61de74c9a662e2db2694f2885171ae53f1b9847ab49ddffc4148863ae8516af	0	NATIVE_EVALUATOR
0.9983027389277389	069af40e56e95fe6b75b8e3ee6b7d0e4b7a21e0c88e05b47f7b5fad6dd135ae9	microsoft_cnr	0	0.60155941	a9ccb311ac47f34a3934bb868bc3a21af0f77de0cf1355d5b680cd9bef516874	0.9433092948717948	9418	PASS	0	9984	269709	0.18669871794871795	threads_32/round_01_seed_6c2f91a47bd803e52a9c14f8d730be65/.internal/order.jsonl.gz	c72f44b4dfa28ed745477b9f0c86dcb7f9144229a2e01b6e45723d5950d87fcd	1.925552215	old	9984	threads_32/round_01_seed_6c2f91a47bd803e52a9c14f8d730be65/pred.tsv	04f9dec9a94e1f929086df9caca2a2618f1e48f50cc12f98270bfb1eaccb655a	25557bcea1de73ab157e291caa624b1f097737ab15c09390f537faf99b72f8e1	1.4463272914290428	23611c1d783167ec16913c8b151a1e4895d9bd7ce4f4a1843bc0a9947be260bf	0,1,2,3,4,5,6,7,8,9,10,11,12,13,14,15,16,17,18,19,20,21,22,23,24,25,26,27,28,29,30,31	32	0	6c2f91a47bd803e52a9c14f8d730be65	EXPLICIT	20260822T185019_725983	0	32	1864	1098240	c61de74c9a662e2db2694f2885171ae53f1b9847ab49ddffc4148863ae8516af	c61de74c9a662e2db2694f2885171ae53f1b9847ab49ddffc4148863ae8516af	c61de74c9a662e2db2694f2885171ae53f1b9847ab49ddffc4148863ae8516af	0	PAIRED_NEW_EVALUATOR_AFTER_CANONICAL_IDENTITY
0.9983027389277389	069af40e56e95fe6b75b8e3ee6b7d0e4b7a21e0c88e05b47f7b5fad6dd135ae9	microsoft_cnr	0	0.745966122	2b1d8974bd325b510ac63e0612f459b15a5d5125e60f065fddc11196c50ceff3	0.9433092948717948	9418	PASS	NOT_APPLICABLE	9984	269709	0.18669871794871795	.orders/round_01_seed_6c2f91a47bd803e52a9c14f8d730be65.jsonl.gz	c72f44b4dfa28ed745477b9f0c86dcb7f9144229a2e01b6e45723d5950d87fcd	2.625218451	new	9984	threads_32/round_01_seed_6c2f91a47bd803e52a9c14f8d730be65/pred.tsv	1011d284f5a9207dd2c087d4667eeeae29dc4f70c1bcb6bc2d412949734c6333	25557bcea1de73ab157e291caa624b1f097737ab15c09390f537faf99b72f8e1	1.8590166978538036	66ce485be663e65967a2e17dee1a6b23b84789e405ffef8bb97fe80ea74a1b2e	0,1,2,3,4,5,6,7,8,9,10,11,12,13,14,15,16,17,18,19,20,21,22,23,24,25,26,27,28,29,30,31	32	NOT_APPLICABLE	6c2f91a47bd803e52a9c14f8d730be65	EXPLICIT	acor_20260822T185021_abe5064aca1846a88cb0ff423c7d73c9	NOT_APPLICABLE	32	1864	1098240	c61de74c9a662e2db2694f2885171ae53f1b9847ab49ddffc4148863ae8516af	c61de74c9a662e2db2694f2885171ae53f1b9847ab49ddffc4148863ae8516af	c61de74c9a662e2db2694f2885171ae53f1b9847ab49ddffc4148863ae8516af	0	NATIVE_EVALUATOR
0.9983027389277389	069af40e56e95fe6b75b8e3ee6b7d0e4b7a21e0c88e05b47f7b5fad6dd135ae9	microsoft_cnr	0	0.719342252	2b1d8974bd325b510ac63e0612f459b15a5d5125e60f065fddc11196c50ceff3	0.9433092948717948	9418	PASS	NOT_APPLICABLE	9984	269709	0.18669871794871795	.orders/round_01_seed_29427e741956d4dae7e56d9a48e26c94.jsonl.gz	101a6f446b8fd831de1b18321e3ddf624a09e5e096b5942bc2e9480d4783abdc	2.538688239	new_random	9984	threads_20/round_01_seed_29427e741956d4dae7e56d9a48e26c94/pred.tsv	1011d284f5a9207dd2c087d4667eeeae29dc4f70c1bcb6bc2d412949734c6333	25557bcea1de73ab157e291caa624b1f097737ab15c09390f537faf99b72f8e1	1.7826740629971027	66ce485be663e65967a2e17dee1a6b23b84789e405ffef8bb97fe80ea74a1b2e	0,1,2,3,4,5,6,7,8,9,10,11,12,13,14,15,16,17,18,19	20	NOT_APPLICABLE	29427e741956d4dae7e56d9a48e26c94	OS_RANDOM	acor_20260822T185023_3085110b054f493280b8a510ec34a05a	NOT_APPLICABLE	20	1864	1098240	c61de74c9a662e2db2694f2885171ae53f1b9847ab49ddffc4148863ae8516af	c61de74c9a662e2db2694f2885171ae53f1b9847ab49ddffc4148863ae8516af	c61de74c9a662e2db2694f2885171ae53f1b9847ab49ddffc4148863ae8516af	0	NATIVE_EVALUATOR
0.9983027389277389	069af40e56e95fe6b75b8e3ee6b7d0e4b7a21e0c88e05b47f7b5fad6dd135ae9	microsoft_cnr	0	0.69801177	2b1d8974bd325b510ac63e0612f459b15a5d5125e60f065fddc11196c50ceff3	0.9433092948717948	9418	PASS	NOT_APPLICABLE	9984	269709	0.18669871794871795	.orders/round_01_seed_29427e741956d4dae7e56d9a48e26c94.jsonl.gz	101a6f446b8fd831de1b18321e3ddf624a09e5e096b5942bc2e9480d4783abdc	2.575277884	new_replay	9984	threads_20/round_01_seed_29427e741956d4dae7e56d9a48e26c94/pred.tsv	1011d284f5a9207dd2c087d4667eeeae29dc4f70c1bcb6bc2d412949734c6333	25557bcea1de73ab157e291caa624b1f097737ab15c09390f537faf99b72f8e1	1.7862654700875282	66ce485be663e65967a2e17dee1a6b23b84789e405ffef8bb97fe80ea74a1b2e	0,1,2,3,4,5,6,7,8,9,10,11,12,13,14,15,16,17,18,19	20	NOT_APPLICABLE	29427e741956d4dae7e56d9a48e26c94	EXPLICIT	acor_20260822T185026_d1ba1e2b66da49358c73e1ce004ec089	NOT_APPLICABLE	20	1864	1098240	c61de74c9a662e2db2694f2885171ae53f1b9847ab49ddffc4148863ae8516af	c61de74c9a662e2db2694f2885171ae53f1b9847ab49ddffc4148863ae8516af	c61de74c9a662e2db2694f2885171ae53f1b9847ab49ddffc4148863ae8516af	0	NATIVE_EVALUATOR
0.9955587339555874	eada3fec3755816665f185b2e300da6a6293f51109f8049ae1b14999d965ea73	trellisbma	0	1.628546528	a9ccb311ac47f34a3934bb868bc3a21af0f77de0cf1355d5b680cd9bef516874	0.9720602197206022	7167	PASS	0	7373	81103	0.4885392648853926	threads_1/round_01_seed_6c2f91a47bd803e52a9c14f8d730be65/.internal/order.jsonl.gz	51430d73eee583b9bc528673e1c950304867c025e6af4d5fc7a42b7d17c3e4b9	2.424758423	old	7373	threads_1/round_01_seed_6c2f91a47bd803e52a9c14f8d730be65/pred.tsv	cea21c97de1214ba04cf6c77b04c54117b445425a5b19c3a17fb33422cf24b06	56f093cf772884de994072aa797bc9a19527a772b439e59c856548a5db23a467	2.2336474135518074	23611c1d783167ec16913c8b151a1e4895d9bd7ce4f4a1843bc0a9947be260bf	0	1	0	6c2f91a47bd803e52a9c14f8d730be65	EXPLICIT	20260822T185029_506190	0	1	3602	811030	37d0679d72c03936e071c5f2fe663e909c79772b21fbb530a1d700d167ec9b5f	37d0679d72c03936e071c5f2fe663e909c79772b21fbb530a1d700d167ec9b5f	37d0679d72c03936e071c5f2fe663e909c79772b21fbb530a1d700d167ec9b5f	0	PAIRED_NEW_EVALUATOR_AFTER_CANONICAL_IDENTITY
0.9955587339555874	eada3fec3755816665f185b2e300da6a6293f51109f8049ae1b14999d965ea73	trellisbma	0	3.740140109	2b1d8974bd325b510ac63e0612f459b15a5d5125e60f065fddc11196c50ceff3	0.9720602197206022	7167	PASS	NOT_APPLICABLE	7373	81103	0.4885392648853926	.orders/round_01_seed_6c2f91a47bd803e52a9c14f8d730be65.jsonl.gz	51430d73eee583b9bc528673e1c950304867c025e6af4d5fc7a42b7d17c3e4b9	4.944267165	new	7373	threads_1/round_01_seed_6c2f91a47bd803e52a9c14f8d730be65/pred.tsv	166868878dd6dbc4e38c08a6fc92c74a744aa571ebbeb035bd43695ea9a1d887	56f093cf772884de994072aa797bc9a19527a772b439e59c856548a5db23a467	4.605581492185593	66ce485be663e65967a2e17dee1a6b23b84789e405ffef8bb97fe80ea74a1b2e	0	1	NOT_APPLICABLE	6c2f91a47bd803e52a9c14f8d730be65	EXPLICIT	acor_20260822T185031_e402679ad92e4307aa2cf49d36549ce3	NOT_APPLICABLE	1	3602	811030	37d0679d72c03936e071c5f2fe663e909c79772b21fbb530a1d700d167ec9b5f	37d0679d72c03936e071c5f2fe663e909c79772b21fbb530a1d700d167ec9b5f	37d0679d72c03936e071c5f2fe663e909c79772b21fbb530a1d700d167ec9b5f	0	NATIVE_EVALUATOR
0.9955587339555874	eada3fec3755816665f185b2e300da6a6293f51109f8049ae1b14999d965ea73	trellisbma	0	0.556712289	a9ccb311ac47f34a3934bb868bc3a21af0f77de0cf1355d5b680cd9bef516874	0.9720602197206022	7167	PASS	0	7373	81103	0.4885392648853926	threads_4/round_01_seed_6c2f91a47bd803e52a9c14f8d730be65/.internal/order.jsonl.gz	51430d73eee583b9bc528673e1c950304867c025e6af4d5fc7a42b7d17c3e4b9	1.357943531	old	7373	threads_4/round_01_seed_6c2f91a47bd803e52a9c14f8d730be65/pred.tsv	cea21c97de1214ba04cf6c77b04c54117b445425a5b19c3a17fb33422cf24b06	56f093cf772884de994072aa797bc9a19527a772b439e59c856548a5db23a467	1.1666202880442142	23611c1d783167ec16913c8b151a1e4895d9bd7ce4f4a1843bc0a9947be260bf	0,1,2,3	4	0	6c2f91a47bd803e52a9c14f8d730be65	EXPLICIT	20260822T185036_773500	0	4	3602	811030	37d0679d72c03936e071c5f2fe663e909c79772b21fbb530a1d700d167ec9b5f	37d0679d72c03936e071c5f2fe663e909c79772b21fbb530a1d700d167ec9b5f	37d0679d72c03936e071c5f2fe663e909c79772b21fbb530a1d700d167ec9b5f	0	PAIRED_NEW_EVALUATOR_AFTER_CANONICAL_IDENTITY
0.9955587339555874	eada3fec3755816665f185b2e300da6a6293f51109f8049ae1b14999d965ea73	trellisbma	0	1.162019419	2b1d8974bd325b510ac63e0612f459b15a5d5125e60f065fddc11196c50ceff3	0.9720602197206022	7167	PASS	NOT_APPLICABLE	7373	81103	0.4885392648853926	.orders/round_01_seed_6c2f91a47bd803e52a9c14f8d730be65.jsonl.gz	51430d73eee583b9bc528673e1c950304867c025e6af4d5fc7a42b7d17c3e4b9	2.328504141	new	7373	threads_4/round_01_seed_6c2f91a47bd803e52a9c14f8d730be65/pred.tsv	166868878dd6dbc4e38c08a6fc92c74a744aa571ebbeb035bd43695ea9a1d887	56f093cf772884de994072aa797bc9a19527a772b439e59c856548a5db23a467	1.9955710172653198	66ce485be663e65967a2e17dee1a6b23b84789e405ffef8bb97fe80ea74a1b2e	0,1,2,3	4	NOT_APPLICABLE	6c2f91a47bd803e52a9c14f8d730be65	EXPLICIT	acor_20260822T185037_365865a67bc24db4a8fc09b4ab3ce68e	NOT_APPLICABLE	4	3602	811030	37d0679d72c03936e071c5f2fe663e909c79772b21fbb530a1d700d167ec9b5f	37d0679d72c03936e071c5f2fe663e909c79772b21fbb530a1d700d167ec9b5f	37d0679d72c03936e071c5f2fe663e909c79772b21fbb530a1d700d167ec9b5f	0	NATIVE_EVALUATOR
0.9955587339555874	eada3fec3755816665f185b2e300da6a6293f51109f8049ae1b14999d965ea73	trellisbma	0	0.364488409	a9ccb311ac47f34a3934bb868bc3a21af0f77de0cf1355d5b680cd9bef516874	0.9720602197206022	7167	PASS	0	7373	81103	0.4885392648853926	threads_16/round_01_seed_6c2f91a47bd803e52a9c14f8d730be65/.internal/order.jsonl.gz	51430d73eee583b9bc528673e1c950304867c025e6af4d5fc7a42b7d17c3e4b9	1.169000462	old	7373	threads_16/round_01_seed_6c2f91a47bd803e52a9c14f8d730be65/pred.tsv	cea21c97de1214ba04cf6c77b04c54117b445425a5b19c3a17fb33422cf24b06	56f093cf772884de994072aa797bc9a19527a772b439e59c856548a5db23a467	0.9801966100931168	23611c1d783167ec16913c8b151a1e4895d9bd7ce4f4a1843bc0a9947be260bf	0,1,2,3,4,5,6,7,8,9,10,11,12,13,14,15	16	0	6c2f91a47bd803e52a9c14f8d730be65	EXPLICIT	20260822T185040_587379	0	16	3602	811030	37d0679d72c03936e071c5f2fe663e909c79772b21fbb530a1d700d167ec9b5f	37d0679d72c03936e071c5f2fe663e909c79772b21fbb530a1d700d167ec9b5f	37d0679d72c03936e071c5f2fe663e909c79772b21fbb530a1d700d167ec9b5f	0	PAIRED_NEW_EVALUATOR_AFTER_CANONICAL_IDENTITY
0.9955587339555874	eada3fec3755816665f185b2e300da6a6293f51109f8049ae1b14999d965ea73	trellisbma	0	0.506236686	2b1d8974bd325b510ac63e0612f459b15a5d5125e60f065fddc11196c50ceff3	0.9720602197206022	7167	PASS	NOT_APPLICABLE	7373	81103	0.4885392648853926	.orders/round_01_seed_6c2f91a47bd803e52a9c14f8d730be65.jsonl.gz	51430d73eee583b9bc528673e1c950304867c025e6af4d5fc7a42b7d17c3e4b9	1.657208107	new	7373	threads_16/round_01_seed_6c2f91a47bd803e52a9c14f8d730be65/pred.tsv	166868878dd6dbc4e38c08a6fc92c74a744aa571ebbeb035bd43695ea9a1d887	56f093cf772884de994072aa797bc9a19527a772b439e59c856548a5db23a467	1.2834493890404701	66ce485be663e65967a2e17dee1a6b23b84789e405ffef8bb97fe80ea74a1b2e	0,1,2,3,4,5,6,7,8,9,10,11,12,13,14,15	16	NOT_APPLICABLE	6c2f91a47bd803e52a9c14f8d730be65	EXPLICIT	acor_20260822T185041_0bcc291c331b4c2ea4b666bd98851df6	NOT_APPLICABLE	16	3602	811030	37d0679d72c03936e071c5f2fe663e909c79772b21fbb530a1d700d167ec9b5f	37d0679d72c03936e071c5f2fe663e909c79772b21fbb530a1d700d167ec9b5f	37d0679d72c03936e071c5f2fe663e909c79772b21fbb530a1d700d167ec9b5f	0	NATIVE_EVALUATOR
0.9955587339555874	eada3fec3755816665f185b2e300da6a6293f51109f8049ae1b14999d965ea73	trellisbma	0	0.348380038	a9ccb311ac47f34a3934bb868bc3a21af0f77de0cf1355d5b680cd9bef516874	0.9720602197206022	7167	PASS	0	7373	81103	0.4885392648853926	threads_20/round_01_seed_6c2f91a47bd803e52a9c14f8d730be65/.internal/order.jsonl.gz	51430d73eee583b9bc528673e1c950304867c025e6af4d5fc7a42b7d17c3e4b9	1.112607963	old	7373	threads_20/round_01_seed_6c2f91a47bd803e52a9c14f8d730be65/pred.tsv	cea21c97de1214ba04cf6c77b04c54117b445425a5b19c3a17fb33422cf24b06	56f093cf772884de994072aa797bc9a19527a772b439e59c856548a5db23a467	0.9218735024333	23611c1d783167ec16913c8b151a1e4895d9bd7ce4f4a1843bc0a9947be260bf	0,1,2,3,4,5,6,7,8,9,10,11,12,13,14,15,16,17,18,19	20	0	6c2f91a47bd803e52a9c14f8d730be65	EXPLICIT	20260822T185043_801524	0	20	3602	811030	37d0679d72c03936e071c5f2fe663e909c79772b21fbb530a1d700d167ec9b5f	37d0679d72c03936e071c5f2fe663e909c79772b21fbb530a1d700d167ec9b5f	37d0679d72c03936e071c5f2fe663e909c79772b21fbb530a1d700d167ec9b5f	0	PAIRED_NEW_EVALUATOR_AFTER_CANONICAL_IDENTITY
0.9955587339555874	eada3fec3755816665f185b2e300da6a6293f51109f8049ae1b14999d965ea73	trellisbma	0	0.479606394	2b1d8974bd325b510ac63e0612f459b15a5d5125e60f065fddc11196c50ceff3	0.9720602197206022	7167	PASS	NOT_APPLICABLE	7373	81103	0.4885392648853926	.orders/round_01_seed_6c2f91a47bd803e52a9c14f8d730be65.jsonl.gz	51430d73eee583b9bc528673e1c950304867c025e6af4d5fc7a42b7d17c3e4b9	1.594934396	new	7373	threads_20/round_01_seed_6c2f91a47bd803e52a9c14f8d730be65/pred.tsv	166868878dd6dbc4e38c08a6fc92c74a744aa571ebbeb035bd43695ea9a1d887	56f093cf772884de994072aa797bc9a19527a772b439e59c856548a5db23a467	1.2850119099020958	66ce485be663e65967a2e17dee1a6b23b84789e405ffef8bb97fe80ea74a1b2e	0,1,2,3,4,5,6,7,8,9,10,11,12,13,14,15,16,17,18,19	20	NOT_APPLICABLE	6c2f91a47bd803e52a9c14f8d730be65	EXPLICIT	acor_20260822T185044_f5f1890ca6a94d6fb95434820b502fef	NOT_APPLICABLE	20	3602	811030	37d0679d72c03936e071c5f2fe663e909c79772b21fbb530a1d700d167ec9b5f	37d0679d72c03936e071c5f2fe663e909c79772b21fbb530a1d700d167ec9b5f	37d0679d72c03936e071c5f2fe663e909c79772b21fbb530a1d700d167ec9b5f	0	NATIVE_EVALUATOR
0.9955587339555874	eada3fec3755816665f185b2e300da6a6293f51109f8049ae1b14999d965ea73	trellisbma	0	0.456443909	a9ccb311ac47f34a3934bb868bc3a21af0f77de0cf1355d5b680cd9bef516874	0.9720602197206022	7167	PASS	0	7373	81103	0.4885392648853926	threads_32/round_01_seed_6c2f91a47bd803e52a9c14f8d730be65/.internal/order.jsonl.gz	51430d73eee583b9bc528673e1c950304867c025e6af4d5fc7a42b7d17c3e4b9	1.270303044	old	7373	threads_32/round_01_seed_6c2f91a47bd803e52a9c14f8d730be65/pred.tsv	cea21c97de1214ba04cf6c77b04c54117b445425a5b19c3a17fb33422cf24b06	56f093cf772884de994072aa797bc9a19527a772b439e59c856548a5db23a467	1.0831289365887642	23611c1d783167ec16913c8b151a1e4895d9bd7ce4f4a1843bc0a9947be260bf	0,1,2,3,4,5,6,7,8,9,10,11,12,13,14,15,16,17,18,19,20,21,22,23,24,25,26,27,28,29,30,31	32	0	6c2f91a47bd803e52a9c14f8d730be65	EXPLICIT	20260822T185046_092356	0	32	3602	811030	37d0679d72c03936e071c5f2fe663e909c79772b21fbb530a1d700d167ec9b5f	37d0679d72c03936e071c5f2fe663e909c79772b21fbb530a1d700d167ec9b5f	37d0679d72c03936e071c5f2fe663e909c79772b21fbb530a1d700d167ec9b5f	0	PAIRED_NEW_EVALUATOR_AFTER_CANONICAL_IDENTITY
0.9955587339555874	eada3fec3755816665f185b2e300da6a6293f51109f8049ae1b14999d965ea73	trellisbma	0	0.578208249	2b1d8974bd325b510ac63e0612f459b15a5d5125e60f065fddc11196c50ceff3	0.9720602197206022	7167	PASS	NOT_APPLICABLE	7373	81103	0.4885392648853926	.orders/round_01_seed_6c2f91a47bd803e52a9c14f8d730be65.jsonl.gz	51430d73eee583b9bc528673e1c950304867c025e6af4d5fc7a42b7d17c3e4b9	1.727346599	new	7373	threads_32/round_01_seed_6c2f91a47bd803e52a9c14f8d730be65/pred.tsv	166868878dd6dbc4e38c08a6fc92c74a744aa571ebbeb035bd43695ea9a1d887	56f093cf772884de994072aa797bc9a19527a772b439e59c856548a5db23a467	1.3748736158013344	66ce485be663e65967a2e17dee1a6b23b84789e405ffef8bb97fe80ea74a1b2e	0,1,2,3,4,5,6,7,8,9,10,11,12,13,14,15,16,17,18,19,20,21,22,23,24,25,26,27,28,29,30,31	32	NOT_APPLICABLE	6c2f91a47bd803e52a9c14f8d730be65	EXPLICIT	acor_20260822T185047_ee29b7a4005640c3b9b2d100f3e5f75e	NOT_APPLICABLE	32	3602	811030	37d0679d72c03936e071c5f2fe663e909c79772b21fbb530a1d700d167ec9b5f	37d0679d72c03936e071c5f2fe663e909c79772b21fbb530a1d700d167ec9b5f	37d0679d72c03936e071c5f2fe663e909c79772b21fbb530a1d700d167ec9b5f	0	NATIVE_EVALUATOR
0.9955587339555874	eada3fec3755816665f185b2e300da6a6293f51109f8049ae1b14999d965ea73	trellisbma	0	0.50619264	2b1d8974bd325b510ac63e0612f459b15a5d5125e60f065fddc11196c50ceff3	0.9720602197206022	7167	PASS	NOT_APPLICABLE	7373	81103	0.4885392648853926	.orders/round_01_seed_8135b19435f4baf69200cebce8663a31.jsonl.gz	af61824515c89871edbadf987e2b6a1da5e9828a89e4acb0981eb0654caeabd6	1.618578240	new_random	7373	threads_20/round_01_seed_8135b19435f4baf69200cebce8663a31/pred.tsv	166868878dd6dbc4e38c08a6fc92c74a744aa571ebbeb035bd43695ea9a1d887	56f093cf772884de994072aa797bc9a19527a772b439e59c856548a5db23a467	1.2795993499457836	66ce485be663e65967a2e17dee1a6b23b84789e405ffef8bb97fe80ea74a1b2e	0,1,2,3,4,5,6,7,8,9,10,11,12,13,14,15,16,17,18,19	20	NOT_APPLICABLE	8135b19435f4baf69200cebce8663a31	OS_RANDOM	acor_20260822T185049_eef5bbb1642c4a72a5475d6b65c24163	NOT_APPLICABLE	20	3602	811030	37d0679d72c03936e071c5f2fe663e909c79772b21fbb530a1d700d167ec9b5f	37d0679d72c03936e071c5f2fe663e909c79772b21fbb530a1d700d167ec9b5f	37d0679d72c03936e071c5f2fe663e909c79772b21fbb530a1d700d167ec9b5f	0	NATIVE_EVALUATOR
0.9955587339555874	eada3fec3755816665f185b2e300da6a6293f51109f8049ae1b14999d965ea73	trellisbma	0	0.476497895	2b1d8974bd325b510ac63e0612f459b15a5d5125e60f065fddc11196c50ceff3	0.9720602197206022	7167	PASS	NOT_APPLICABLE	7373	81103	0.4885392648853926	.orders/round_01_seed_8135b19435f4baf69200cebce8663a31.jsonl.gz	af61824515c89871edbadf987e2b6a1da5e9828a89e4acb0981eb0654caeabd6	1.814385369	new_replay	7373	threads_20/round_01_seed_8135b19435f4baf69200cebce8663a31/pred.tsv	166868878dd6dbc4e38c08a6fc92c74a744aa571ebbeb035bd43695ea9a1d887	56f093cf772884de994072aa797bc9a19527a772b439e59c856548a5db23a467	1.2925300225615501	66ce485be663e65967a2e17dee1a6b23b84789e405ffef8bb97fe80ea74a1b2e	0,1,2,3,4,5,6,7,8,9,10,11,12,13,14,15,16,17,18,19	20	NOT_APPLICABLE	8135b19435f4baf69200cebce8663a31	EXPLICIT	acor_20260822T185050_97af0942cbf94222953b5719d8cb7454	NOT_APPLICABLE	20	3602	811030	37d0679d72c03936e071c5f2fe663e909c79772b21fbb530a1d700d167ec9b5f	37d0679d72c03936e071c5f2fe663e909c79772b21fbb530a1d700d167ec9b5f	37d0679d72c03936e071c5f2fe663e909c79772b21fbb530a1d700d167ec9b5f	0	NATIVE_EVALUATOR
0.9986020976005154	226195f304ee36753f27ac86384adabdeb4fbc62f88f4641d5a3e6a349ab31ce	dnaformer_nanopore	0	28.573050836	a9ccb311ac47f34a3934bb868bc3a21af0f77de0cf1355d5b680cd9bef516874	0.987524550811086	108604	PASS	0	109976	2354584	0.19570633592783881	threads_1/round_01_seed_6c2f91a47bd803e52a9c14f8d730be65/.internal/order.jsonl.gz	5f5039dd1b9b7304f6231cd56594a4cde8d2a680d3c3bd47534d88be92e3eaf7	45.281076293	old	109976	threads_1/round_01_seed_6c2f91a47bd803e52a9c14f8d730be65/pred.tsv	48075de346a39c218338df0145b7d7303efe309c22d885a89ecda2b9aa0651d5	18e73b85d7d9a1e2391f8ac6b0a9913154635920f0d09bb8ef587ab713d9f586	40.85659309849143	23611c1d783167ec16913c8b151a1e4895d9bd7ce4f4a1843bc0a9947be260bf	0	1	0	6c2f91a47bd803e52a9c14f8d730be65	EXPLICIT	20260822T185052_107959	0	1	21523	15396640	9894e948454781f8081500c85f91f78fba3a7ead2c0fe9f115bc970a0b388a7d	9894e948454781f8081500c85f91f78fba3a7ead2c0fe9f115bc970a0b388a7d	9894e948454781f8081500c85f91f78fba3a7ead2c0fe9f115bc970a0b388a7d	0	PAIRED_NEW_EVALUATOR_AFTER_CANONICAL_IDENTITY
0.9986020976005154	226195f304ee36753f27ac86384adabdeb4fbc62f88f4641d5a3e6a349ab31ce	dnaformer_nanopore	0	63.780862936	2b1d8974bd325b510ac63e0612f459b15a5d5125e60f065fddc11196c50ceff3	0.987524550811086	108604	PASS	NOT_APPLICABLE	109976	2354584	0.19570633592783881	.orders/round_01_seed_6c2f91a47bd803e52a9c14f8d730be65.jsonl.gz	5f5039dd1b9b7304f6231cd56594a4cde8d2a680d3c3bd47534d88be92e3eaf7	85.470006827	new	109976	threads_1/round_01_seed_6c2f91a47bd803e52a9c14f8d730be65/pred.tsv	da573cdee4b9f2cb3e12d26c65ff06bafca04fd5ca5fd2b44ab263605a181864	18e73b85d7d9a1e2391f8ac6b0a9913154635920f0d09bb8ef587ab713d9f586	78.4409062564373	66ce485be663e65967a2e17dee1a6b23b84789e405ffef8bb97fe80ea74a1b2e	0	1	NOT_APPLICABLE	6c2f91a47bd803e52a9c14f8d730be65	EXPLICIT	acor_20260822T185138_5b0fae255e0e40b0ab31681749c4acf6	NOT_APPLICABLE	1	21523	15396640	9894e948454781f8081500c85f91f78fba3a7ead2c0fe9f115bc970a0b388a7d	9894e948454781f8081500c85f91f78fba3a7ead2c0fe9f115bc970a0b388a7d	9894e948454781f8081500c85f91f78fba3a7ead2c0fe9f115bc970a0b388a7d	0	NATIVE_EVALUATOR
0.9986020976005154	226195f304ee36753f27ac86384adabdeb4fbc62f88f4641d5a3e6a349ab31ce	dnaformer_nanopore	0	9.394916847	a9ccb311ac47f34a3934bb868bc3a21af0f77de0cf1355d5b680cd9bef516874	0.987524550811086	108604	PASS	0	109976	2354584	0.19570633592783881	threads_4/round_01_seed_6c2f91a47bd803e52a9c14f8d730be65/.internal/order.jsonl.gz	5f5039dd1b9b7304f6231cd56594a4cde8d2a680d3c3bd47534d88be92e3eaf7	26.275277004	old	109976	threads_4/round_01_seed_6c2f91a47bd803e52a9c14f8d730be65/pred.tsv	48075de346a39c218338df0145b7d7303efe309c22d885a89ecda2b9aa0651d5	18e73b85d7d9a1e2391f8ac6b0a9913154635920f0d09bb8ef587ab713d9f586	21.776239324361086	23611c1d783167ec16913c8b151a1e4895d9bd7ce4f4a1843bc0a9947be260bf	0,1,2,3	4	0	6c2f91a47bd803e52a9c14f8d730be65	EXPLICIT	20260822T185305_969093	0	4	21523	15396640	9894e948454781f8081500c85f91f78fba3a7ead2c0fe9f115bc970a0b388a7d	9894e948454781f8081500c85f91f78fba3a7ead2c0fe9f115bc970a0b388a7d	9894e948454781f8081500c85f91f78fba3a7ead2c0fe9f115bc970a0b388a7d	0	PAIRED_NEW_EVALUATOR_AFTER_CANONICAL_IDENTITY
0.9986020976005154	226195f304ee36753f27ac86384adabdeb4fbc62f88f4641d5a3e6a349ab31ce	dnaformer_nanopore	0	19.464541055	2b1d8974bd325b510ac63e0612f459b15a5d5125e60f065fddc11196c50ceff3	0.987524550811086	108604	PASS	NOT_APPLICABLE	109976	2354584	0.19570633592783881	.orders/round_01_seed_6c2f91a47bd803e52a9c14f8d730be65.jsonl.gz	5f5039dd1b9b7304f6231cd56594a4cde8d2a680d3c3bd47534d88be92e3eaf7	40.897734426	new	109976	threads_4/round_01_seed_6c2f91a47bd803e52a9c14f8d730be65/pred.tsv	da573cdee4b9f2cb3e12d26c65ff06bafca04fd5ca5fd2b44ab263605a181864	18e73b85d7d9a1e2391f8ac6b0a9913154635920f0d09bb8ef587ab713d9f586	34.022121880203485	66ce485be663e65967a2e17dee1a6b23b84789e405ffef8bb97fe80ea74a1b2e	0,1,2,3	4	NOT_APPLICABLE	6c2f91a47bd803e52a9c14f8d730be65	EXPLICIT	acor_20260822T185332_88db92d98da44c0680713e77177e618a	NOT_APPLICABLE	4	21523	15396640	9894e948454781f8081500c85f91f78fba3a7ead2c0fe9f115bc970a0b388a7d	9894e948454781f8081500c85f91f78fba3a7ead2c0fe9f115bc970a0b388a7d	9894e948454781f8081500c85f91f78fba3a7ead2c0fe9f115bc970a0b388a7d	0	NATIVE_EVALUATOR
0.9986020976005154	226195f304ee36753f27ac86384adabdeb4fbc62f88f4641d5a3e6a349ab31ce	dnaformer_nanopore	0	3.945796652	a9ccb311ac47f34a3934bb868bc3a21af0f77de0cf1355d5b680cd9bef516874	0.987524550811086	108604	PASS	0	109976	2354584	0.19570633592783881	threads_16/round_01_seed_6c2f91a47bd803e52a9c14f8d730be65/.internal/order.jsonl.gz	5f5039dd1b9b7304f6231cd56594a4cde8d2a680d3c3bd47534d88be92e3eaf7	20.847845003	old	109976	threads_16/round_01_seed_6c2f91a47bd803e52a9c14f8d730be65/pred.tsv	48075de346a39c218338df0145b7d7303efe309c22d885a89ecda2b9aa0651d5	18e73b85d7d9a1e2391f8ac6b0a9913154635920f0d09bb8ef587ab713d9f586	16.38170836493373	23611c1d783167ec16913c8b151a1e4895d9bd7ce4f4a1843bc0a9947be260bf	0,1,2,3,4,5,6,7,8,9,10,11,12,13,14,15	16	0	6c2f91a47bd803e52a9c14f8d730be65	EXPLICIT	20260822T185415_202020	0	16	21523	15396640	9894e948454781f8081500c85f91f78fba3a7ead2c0fe9f115bc970a0b388a7d	9894e948454781f8081500c85f91f78fba3a7ead2c0fe9f115bc970a0b388a7d	9894e948454781f8081500c85f91f78fba3a7ead2c0fe9f115bc970a0b388a7d	0	PAIRED_NEW_EVALUATOR_AFTER_CANONICAL_IDENTITY
0.9986020976005154	226195f304ee36753f27ac86384adabdeb4fbc62f88f4641d5a3e6a349ab31ce	dnaformer_nanopore	0	6.597199687	2b1d8974bd325b510ac63e0612f459b15a5d5125e60f065fddc11196c50ceff3	0.987524550811086	108604	PASS	NOT_APPLICABLE	109976	2354584	0.19570633592783881	.orders/round_01_seed_6c2f91a47bd803e52a9c14f8d730be65.jsonl.gz	5f5039dd1b9b7304f6231cd56594a4cde8d2a680d3c3bd47534d88be92e3eaf7	28.101788659	new	109976	threads_16/round_01_seed_6c2f91a47bd803e52a9c14f8d730be65/pred.tsv	da573cdee4b9f2cb3e12d26c65ff06bafca04fd5ca5fd2b44ab263605a181864	18e73b85d7d9a1e2391f8ac6b0a9913154635920f0d09bb8ef587ab713d9f586	21.15998050570488	66ce485be663e65967a2e17dee1a6b23b84789e405ffef8bb97fe80ea74a1b2e	0,1,2,3,4,5,6,7,8,9,10,11,12,13,14,15	16	NOT_APPLICABLE	6c2f91a47bd803e52a9c14f8d730be65	EXPLICIT	acor_20260822T185436_85652d447d8543f0bde430aaa257270d	NOT_APPLICABLE	16	21523	15396640	9894e948454781f8081500c85f91f78fba3a7ead2c0fe9f115bc970a0b388a7d	9894e948454781f8081500c85f91f78fba3a7ead2c0fe9f115bc970a0b388a7d	9894e948454781f8081500c85f91f78fba3a7ead2c0fe9f115bc970a0b388a7d	0	NATIVE_EVALUATOR
0.9986020976005154	226195f304ee36753f27ac86384adabdeb4fbc62f88f4641d5a3e6a349ab31ce	dnaformer_nanopore	0	3.632628246	a9ccb311ac47f34a3934bb868bc3a21af0f77de0cf1355d5b680cd9bef516874	0.987524550811086	108604	PASS	0	109976	2354584	0.19570633592783881	threads_20/round_01_seed_6c2f91a47bd803e52a9c14f8d730be65/.internal/order.jsonl.gz	5f5039dd1b9b7304f6231cd56594a4cde8d2a680d3c3bd47534d88be92e3eaf7	20.302322660	old	109976	threads_20/round_01_seed_6c2f91a47bd803e52a9c14f8d730be65/pred.tsv	48075de346a39c218338df0145b7d7303efe309c22d885a89ecda2b9aa0651d5	18e73b85d7d9a1e2391f8ac6b0a9913154635920f0d09bb8ef587ab713d9f586	15.853965993970633	23611c1d783167ec16913c8b151a1e4895d9bd7ce4f4a1843bc0a9947be260bf	0,1,2,3,4,5,6,7,8,9,10,11,12,13,14,15,16,17,18,19	20	0	6c2f91a47bd803e52a9c14f8d730be65	EXPLICIT	20260822T185506_522045	0	20	21523	15396640	9894e948454781f8081500c85f91f78fba3a7ead2c0fe9f115bc970a0b388a7d	9894e948454781f8081500c85f91f78fba3a7ead2c0fe9f115bc970a0b388a7d	9894e948454781f8081500c85f91f78fba3a7ead2c0fe9f115bc970a0b388a7d	0	PAIRED_NEW_EVALUATOR_AFTER_CANONICAL_IDENTITY
0.9986020976005154	226195f304ee36753f27ac86384adabdeb4fbc62f88f4641d5a3e6a349ab31ce	dnaformer_nanopore	0	5.642439713	2b1d8974bd325b510ac63e0612f459b15a5d5125e60f065fddc11196c50ceff3	0.987524550811086	108604	PASS	NOT_APPLICABLE	109976	2354584	0.19570633592783881	.orders/round_01_seed_6c2f91a47bd803e52a9c14f8d730be65.jsonl.gz	5f5039dd1b9b7304f6231cd56594a4cde8d2a680d3c3bd47534d88be92e3eaf7	27.255659919	new	109976	threads_20/round_01_seed_6c2f91a47bd803e52a9c14f8d730be65/pred.tsv	da573cdee4b9f2cb3e12d26c65ff06bafca04fd5ca5fd2b44ab263605a181864	18e73b85d7d9a1e2391f8ac6b0a9913154635920f0d09bb8ef587ab713d9f586	20.178056199103594	66ce485be663e65967a2e17dee1a6b23b84789e405ffef8bb97fe80ea74a1b2e	0,1,2,3,4,5,6,7,8,9,10,11,12,13,14,15,16,17,18,19	20	NOT_APPLICABLE	6c2f91a47bd803e52a9c14f8d730be65	EXPLICIT	acor_20260822T185527_cf0e47a2f1e74d2da1214b9dcdb02819	NOT_APPLICABLE	20	21523	15396640	9894e948454781f8081500c85f91f78fba3a7ead2c0fe9f115bc970a0b388a7d	9894e948454781f8081500c85f91f78fba3a7ead2c0fe9f115bc970a0b388a7d	9894e948454781f8081500c85f91f78fba3a7ead2c0fe9f115bc970a0b388a7d	0	NATIVE_EVALUATOR
0.9986020976005154	226195f304ee36753f27ac86384adabdeb4fbc62f88f4641d5a3e6a349ab31ce	dnaformer_nanopore	0	3.505019453	a9ccb311ac47f34a3934bb868bc3a21af0f77de0cf1355d5b680cd9bef516874	0.987524550811086	108604	PASS	0	109976	2354584	0.19570633592783881	threads_32/round_01_seed_6c2f91a47bd803e52a9c14f8d730be65/.internal/order.jsonl.gz	5f5039dd1b9b7304f6231cd56594a4cde8d2a680d3c3bd47534d88be92e3eaf7	20.262785155	old	109976	threads_32/round_01_seed_6c2f91a47bd803e52a9c14f8d730be65/pred.tsv	48075de346a39c218338df0145b7d7303efe309c22d885a89ecda2b9aa0651d5	18e73b85d7d9a1e2391f8ac6b0a9913154635920f0d09bb8ef587ab713d9f586	15.700281616300344	23611c1d783167ec16913c8b151a1e4895d9bd7ce4f4a1843bc0a9947be260bf	0,1,2,3,4,5,6,7,8,9,10,11,12,13,14,15,16,17,18,19,20,21,22,23,24,25,26,27,28,29,30,31	32	0	6c2f91a47bd803e52a9c14f8d730be65	EXPLICIT	20260822T185556_456571	0	32	21523	15396640	9894e948454781f8081500c85f91f78fba3a7ead2c0fe9f115bc970a0b388a7d	9894e948454781f8081500c85f91f78fba3a7ead2c0fe9f115bc970a0b388a7d	9894e948454781f8081500c85f91f78fba3a7ead2c0fe9f115bc970a0b388a7d	0	PAIRED_NEW_EVALUATOR_AFTER_CANONICAL_IDENTITY
0.9986020976005154	226195f304ee36753f27ac86384adabdeb4fbc62f88f4641d5a3e6a349ab31ce	dnaformer_nanopore	0	5.282463299	2b1d8974bd325b510ac63e0612f459b15a5d5125e60f065fddc11196c50ceff3	0.987524550811086	108604	PASS	NOT_APPLICABLE	109976	2354584	0.19570633592783881	.orders/round_01_seed_6c2f91a47bd803e52a9c14f8d730be65.jsonl.gz	5f5039dd1b9b7304f6231cd56594a4cde8d2a680d3c3bd47534d88be92e3eaf7	26.862694234	new	109976	threads_32/round_01_seed_6c2f91a47bd803e52a9c14f8d730be65/pred.tsv	da573cdee4b9f2cb3e12d26c65ff06bafca04fd5ca5fd2b44ab263605a181864	18e73b85d7d9a1e2391f8ac6b0a9913154635920f0d09bb8ef587ab713d9f586	19.848310597240925	66ce485be663e65967a2e17dee1a6b23b84789e405ffef8bb97fe80ea74a1b2e	0,1,2,3,4,5,6,7,8,9,10,11,12,13,14,15,16,17,18,19,20,21,22,23,24,25,26,27,28,29,30,31	32	NOT_APPLICABLE	6c2f91a47bd803e52a9c14f8d730be65	EXPLICIT	acor_20260822T185617_c803a66dba3c465da6e84c0cc08480de	NOT_APPLICABLE	32	21523	15396640	9894e948454781f8081500c85f91f78fba3a7ead2c0fe9f115bc970a0b388a7d	9894e948454781f8081500c85f91f78fba3a7ead2c0fe9f115bc970a0b388a7d	9894e948454781f8081500c85f91f78fba3a7ead2c0fe9f115bc970a0b388a7d	0	NATIVE_EVALUATOR
0.9986020976005154	226195f304ee36753f27ac86384adabdeb4fbc62f88f4641d5a3e6a349ab31ce	dnaformer_nanopore	0	5.65265413	2b1d8974bd325b510ac63e0612f459b15a5d5125e60f065fddc11196c50ceff3	0.987524550811086	108604	PASS	NOT_APPLICABLE	109976	2354584	0.19570633592783881	.orders/round_01_seed_969cb36acb82e86ae29248bdd121d1c0.jsonl.gz	c117d71a445cb10cef80e0feeed667384dd52b4192291aa72ea40a60b6875c0c	27.026759248	new_random	109976	threads_20/round_01_seed_969cb36acb82e86ae29248bdd121d1c0/pred.tsv	da573cdee4b9f2cb3e12d26c65ff06bafca04fd5ca5fd2b44ab263605a181864	18e73b85d7d9a1e2391f8ac6b0a9913154635920f0d09bb8ef587ab713d9f586	19.983576603233814	66ce485be663e65967a2e17dee1a6b23b84789e405ffef8bb97fe80ea74a1b2e	0,1,2,3,4,5,6,7,8,9,10,11,12,13,14,15,16,17,18,19	20	NOT_APPLICABLE	969cb36acb82e86ae29248bdd121d1c0	OS_RANDOM	acor_20260822T185646_485f5370ced742c8b4c7a684d69144a6	NOT_APPLICABLE	20	21523	15396640	9894e948454781f8081500c85f91f78fba3a7ead2c0fe9f115bc970a0b388a7d	9894e948454781f8081500c85f91f78fba3a7ead2c0fe9f115bc970a0b388a7d	9894e948454781f8081500c85f91f78fba3a7ead2c0fe9f115bc970a0b388a7d	0	NATIVE_EVALUATOR
0.9986020976005154	226195f304ee36753f27ac86384adabdeb4fbc62f88f4641d5a3e6a349ab31ce	dnaformer_nanopore	0	5.725695538	2b1d8974bd325b510ac63e0612f459b15a5d5125e60f065fddc11196c50ceff3	0.987524550811086	108604	PASS	NOT_APPLICABLE	109976	2354584	0.19570633592783881	.orders/round_01_seed_969cb36acb82e86ae29248bdd121d1c0.jsonl.gz	c117d71a445cb10cef80e0feeed667384dd52b4192291aa72ea40a60b6875c0c	27.293793898	new_replay	109976	threads_20/round_01_seed_969cb36acb82e86ae29248bdd121d1c0/pred.tsv	da573cdee4b9f2cb3e12d26c65ff06bafca04fd5ca5fd2b44ab263605a181864	18e73b85d7d9a1e2391f8ac6b0a9913154635920f0d09bb8ef587ab713d9f586	20.217130608856678	66ce485be663e65967a2e17dee1a6b23b84789e405ffef8bb97fe80ea74a1b2e	0,1,2,3,4,5,6,7,8,9,10,11,12,13,14,15,16,17,18,19	20	NOT_APPLICABLE	969cb36acb82e86ae29248bdd121d1c0	EXPLICIT	acor_20260822T185713_f901cd2ec7b04800aea4f9527769667b	NOT_APPLICABLE	20	21523	15396640	9894e948454781f8081500c85f91f78fba3a7ead2c0fe9f115bc970a0b388a7d	9894e948454781f8081500c85f91f78fba3a7ead2c0fe9f115bc970a0b388a7d	9894e948454781f8081500c85f91f78fba3a7ead2c0fe9f115bc970a0b388a7d	0	NATIVE_EVALUATOR
0.9999018981091673	557b115aafec7562cf3465cc3d2d5fedebc28b7218381fb2a9913b199d9e6508	dnaformer_illumina	0	19.978759905	a9ccb311ac47f34a3934bb868bc3a21af0f77de0cf1355d5b680cd9bef516874	0.9991541148220913	109851	PASS	0	109944	3183840	0.013734264716582987	threads_1/round_01_seed_6c2f91a47bd803e52a9c14f8d730be65/.internal/order.jsonl.gz	5fb733efb00e14ab2198095c1e941adc1712319963a6cbc167b81087879ad4f4	38.649336640	old	109944	threads_1/round_01_seed_6c2f91a47bd803e52a9c14f8d730be65/pred.tsv	6866b24b84ef4a1225d852583605bc92defd18d72dc8672ea0f29405c1990a27	5a685cae736f37dc5d8cb15588580133e575fbf40bab685ad95886b5cdfd6670	32.563099693506956	23611c1d783167ec16913c8b151a1e4895d9bd7ce4f4a1843bc0a9947be260bf	0	1	0	6c2f91a47bd803e52a9c14f8d730be65	EXPLICIT	20260822T185741_080605	0	1	1510	15392160	4a9332dabffcd98c7599b85439f7d606f718682ffdda4b06e0bbac2f51455b6b	4a9332dabffcd98c7599b85439f7d606f718682ffdda4b06e0bbac2f51455b6b	4a9332dabffcd98c7599b85439f7d606f718682ffdda4b06e0bbac2f51455b6b	0	PAIRED_NEW_EVALUATOR_AFTER_CANONICAL_IDENTITY
0.9999018981091673	557b115aafec7562cf3465cc3d2d5fedebc28b7218381fb2a9913b199d9e6508	dnaformer_illumina	0	32.643412306	2b1d8974bd325b510ac63e0612f459b15a5d5125e60f065fddc11196c50ceff3	0.9991541148220913	109851	PASS	NOT_APPLICABLE	109944	3183840	0.013734264716582987	.orders/round_01_seed_6c2f91a47bd803e52a9c14f8d730be65.jsonl.gz	5fb733efb00e14ab2198095c1e941adc1712319963a6cbc167b81087879ad4f4	58.044461183	new	109944	threads_1/round_01_seed_6c2f91a47bd803e52a9c14f8d730be65/pred.tsv	7349455fef139ab6b09d362edc77eaeab7bc3384c63397c62c91a3dffe9a07e9	5a685cae736f37dc5d8cb15588580133e575fbf40bab685ad95886b5cdfd6670	48.52416929230094	66ce485be663e65967a2e17dee1a6b23b84789e405ffef8bb97fe80ea74a1b2e	0	1	NOT_APPLICABLE	6c2f91a47bd803e52a9c14f8d730be65	EXPLICIT	acor_20260822T185821_35e54645152c412e83637539320457d4	NOT_APPLICABLE	1	1510	15392160	4a9332dabffcd98c7599b85439f7d606f718682ffdda4b06e0bbac2f51455b6b	4a9332dabffcd98c7599b85439f7d606f718682ffdda4b06e0bbac2f51455b6b	4a9332dabffcd98c7599b85439f7d606f718682ffdda4b06e0bbac2f51455b6b	0	NATIVE_EVALUATOR
0.9999018981091673	557b115aafec7562cf3465cc3d2d5fedebc28b7218381fb2a9913b199d9e6508	dnaformer_illumina	0	7.328532608	a9ccb311ac47f34a3934bb868bc3a21af0f77de0cf1355d5b680cd9bef516874	0.9991541148220913	109851	PASS	0	109944	3183840	0.013734264716582987	threads_4/round_01_seed_6c2f91a47bd803e52a9c14f8d730be65/.internal/order.jsonl.gz	5fb733efb00e14ab2198095c1e941adc1712319963a6cbc167b81087879ad4f4	26.660875794	old	109944	threads_4/round_01_seed_6c2f91a47bd803e52a9c14f8d730be65/pred.tsv	6866b24b84ef4a1225d852583605bc92defd18d72dc8672ea0f29405c1990a27	5a685cae736f37dc5d8cb15588580133e575fbf40bab685ad95886b5cdfd6670	20.33885507658124	23611c1d783167ec16913c8b151a1e4895d9bd7ce4f4a1843bc0a9947be260bf	0,1,2,3	4	0	6c2f91a47bd803e52a9c14f8d730be65	EXPLICIT	20260822T185921_441954	0	4	1510	15392160	4a9332dabffcd98c7599b85439f7d606f718682ffdda4b06e0bbac2f51455b6b	4a9332dabffcd98c7599b85439f7d606f718682ffdda4b06e0bbac2f51455b6b	4a9332dabffcd98c7599b85439f7d606f718682ffdda4b06e0bbac2f51455b6b	0	PAIRED_NEW_EVALUATOR_AFTER_CANONICAL_IDENTITY
0.9999018981091673	557b115aafec7562cf3465cc3d2d5fedebc28b7218381fb2a9913b199d9e6508	dnaformer_illumina	0	10.763617462	2b1d8974bd325b510ac63e0612f459b15a5d5125e60f065fddc11196c50ceff3	0.9991541148220913	109851	PASS	NOT_APPLICABLE	109944	3183840	0.013734264716582987	.orders/round_01_seed_6c2f91a47bd803e52a9c14f8d730be65.jsonl.gz	5fb733efb00e14ab2198095c1e941adc1712319963a6cbc167b81087879ad4f4	35.604757398	new	109944	threads_4/round_01_seed_6c2f91a47bd803e52a9c14f8d730be65/pred.tsv	7349455fef139ab6b09d362edc77eaeab7bc3384c63397c62c91a3dffe9a07e9	5a685cae736f37dc5d8cb15588580133e575fbf40bab685ad95886b5cdfd6670	25.841716654598713	66ce485be663e65967a2e17dee1a6b23b84789e405ffef8bb97fe80ea74a1b2e	0,1,2,3	4	NOT_APPLICABLE	6c2f91a47bd803e52a9c14f8d730be65	EXPLICIT	acor_20260822T185948_fe58f112e1944e9290c3fa6f6d5b68df	NOT_APPLICABLE	4	1510	15392160	4a9332dabffcd98c7599b85439f7d606f718682ffdda4b06e0bbac2f51455b6b	4a9332dabffcd98c7599b85439f7d606f718682ffdda4b06e0bbac2f51455b6b	4a9332dabffcd98c7599b85439f7d606f718682ffdda4b06e0bbac2f51455b6b	0	NATIVE_EVALUATOR
0.9999018981091673	557b115aafec7562cf3465cc3d2d5fedebc28b7218381fb2a9913b199d9e6508	dnaformer_illumina	0	3.591421958	a9ccb311ac47f34a3934bb868bc3a21af0f77de0cf1355d5b680cd9bef516874	0.9991541148220913	109851	PASS	0	109944	3183840	0.013734264716582987	threads_16/round_01_seed_6c2f91a47bd803e52a9c14f8d730be65/.internal/order.jsonl.gz	5fb733efb00e14ab2198095c1e941adc1712319963a6cbc167b81087879ad4f4	22.357010059	old	109944	threads_16/round_01_seed_6c2f91a47bd803e52a9c14f8d730be65/pred.tsv	6866b24b84ef4a1225d852583605bc92defd18d72dc8672ea0f29405c1990a27	5a685cae736f37dc5d8cb15588580133e575fbf40bab685ad95886b5cdfd6670	16.255071826279163	23611c1d783167ec16913c8b151a1e4895d9bd7ce4f4a1843bc0a9947be260bf	0,1,2,3,4,5,6,7,8,9,10,11,12,13,14,15	16	0	6c2f91a47bd803e52a9c14f8d730be65	EXPLICIT	20260822T190025_427709	0	16	1510	15392160	4a9332dabffcd98c7599b85439f7d606f718682ffdda4b06e0bbac2f51455b6b	4a9332dabffcd98c7599b85439f7d606f718682ffdda4b06e0bbac2f51455b6b	4a9332dabffcd98c7599b85439f7d606f718682ffdda4b06e0bbac2f51455b6b	0	PAIRED_NEW_EVALUATOR_AFTER_CANONICAL_IDENTITY
0.9999018981091673	557b115aafec7562cf3465cc3d2d5fedebc28b7218381fb2a9913b199d9e6508	dnaformer_illumina	0	4.670598044	2b1d8974bd325b510ac63e0612f459b15a5d5125e60f065fddc11196c50ceff3	0.9991541148220913	109851	PASS	NOT_APPLICABLE	109944	3183840	0.013734264716582987	.orders/round_01_seed_6c2f91a47bd803e52a9c14f8d730be65.jsonl.gz	5fb733efb00e14ab2198095c1e941adc1712319963a6cbc167b81087879ad4f4	28.887730349	new	109944	threads_16/round_01_seed_6c2f91a47bd803e52a9c14f8d730be65/pred.tsv	7349455fef139ab6b09d362edc77eaeab7bc3384c63397c62c91a3dffe9a07e9	5a685cae736f37dc5d8cb15588580133e575fbf40bab685ad95886b5cdfd6670	19.517736211419106	66ce485be663e65967a2e17dee1a6b23b84789e405ffef8bb97fe80ea74a1b2e	0,1,2,3,4,5,6,7,8,9,10,11,12,13,14,15	16	NOT_APPLICABLE	6c2f91a47bd803e52a9c14f8d730be65	EXPLICIT	acor_20260822T190048_146269cba13e45b2a9a98e7435f3f5f4	NOT_APPLICABLE	16	1510	15392160	4a9332dabffcd98c7599b85439f7d606f718682ffdda4b06e0bbac2f51455b6b	4a9332dabffcd98c7599b85439f7d606f718682ffdda4b06e0bbac2f51455b6b	4a9332dabffcd98c7599b85439f7d606f718682ffdda4b06e0bbac2f51455b6b	0	NATIVE_EVALUATOR
0.9999018981091673	557b115aafec7562cf3465cc3d2d5fedebc28b7218381fb2a9913b199d9e6508	dnaformer_illumina	0	3.387213131	a9ccb311ac47f34a3934bb868bc3a21af0f77de0cf1355d5b680cd9bef516874	0.9991541148220913	109851	PASS	0	109944	3183840	0.013734264716582987	threads_20/round_01_seed_6c2f91a47bd803e52a9c14f8d730be65/.internal/order.jsonl.gz	5fb733efb00e14ab2198095c1e941adc1712319963a6cbc167b81087879ad4f4	21.898583654	old	109944	threads_20/round_01_seed_6c2f91a47bd803e52a9c14f8d730be65/pred.tsv	6866b24b84ef4a1225d852583605bc92defd18d72dc8672ea0f29405c1990a27	5a685cae736f37dc5d8cb15588580133e575fbf40bab685ad95886b5cdfd6670	15.945549607276917	23611c1d783167ec16913c8b151a1e4895d9bd7ce4f4a1843bc0a9947be260bf	0,1,2,3,4,5,6,7,8,9,10,11,12,13,14,15,16,17,18,19	20	0	6c2f91a47bd803e52a9c14f8d730be65	EXPLICIT	20260822T190119_853844	0	20	1510	15392160	4a9332dabffcd98c7599b85439f7d606f718682ffdda4b06e0bbac2f51455b6b	4a9332dabffcd98c7599b85439f7d606f718682ffdda4b06e0bbac2f51455b6b	4a9332dabffcd98c7599b85439f7d606f718682ffdda4b06e0bbac2f51455b6b	0	PAIRED_NEW_EVALUATOR_AFTER_CANONICAL_IDENTITY
0.9999018981091673	557b115aafec7562cf3465cc3d2d5fedebc28b7218381fb2a9913b199d9e6508	dnaformer_illumina	0	4.167526784	2b1d8974bd325b510ac63e0612f459b15a5d5125e60f065fddc11196c50ceff3	0.9991541148220913	109851	PASS	NOT_APPLICABLE	109944	3183840	0.013734264716582987	.orders/round_01_seed_6c2f91a47bd803e52a9c14f8d730be65.jsonl.gz	5fb733efb00e14ab2198095c1e941adc1712319963a6cbc167b81087879ad4f4	28.289571363	new	109944	threads_20/round_01_seed_6c2f91a47bd803e52a9c14f8d730be65/pred.tsv	7349455fef139ab6b09d362edc77eaeab7bc3384c63397c62c91a3dffe9a07e9	5a685cae736f37dc5d8cb15588580133e575fbf40bab685ad95886b5cdfd6670	18.95369229093194	66ce485be663e65967a2e17dee1a6b23b84789e405ffef8bb97fe80ea74a1b2e	0,1,2,3,4,5,6,7,8,9,10,11,12,13,14,15,16,17,18,19	20	NOT_APPLICABLE	6c2f91a47bd803e52a9c14f8d730be65	EXPLICIT	acor_20260822T190141_110b4285bc484a3a802abc927f81ca7b	NOT_APPLICABLE	20	1510	15392160	4a9332dabffcd98c7599b85439f7d606f718682ffdda4b06e0bbac2f51455b6b	4a9332dabffcd98c7599b85439f7d606f718682ffdda4b06e0bbac2f51455b6b	4a9332dabffcd98c7599b85439f7d606f718682ffdda4b06e0bbac2f51455b6b	0	NATIVE_EVALUATOR
0.9999018981091673	557b115aafec7562cf3465cc3d2d5fedebc28b7218381fb2a9913b199d9e6508	dnaformer_illumina	0	3.458297449	a9ccb311ac47f34a3934bb868bc3a21af0f77de0cf1355d5b680cd9bef516874	0.9991541148220913	109851	PASS	0	109944	3183840	0.013734264716582987	threads_32/round_01_seed_6c2f91a47bd803e52a9c14f8d730be65/.internal/order.jsonl.gz	5fb733efb00e14ab2198095c1e941adc1712319963a6cbc167b81087879ad4f4	22.284125961	old	109944	threads_32/round_01_seed_6c2f91a47bd803e52a9c14f8d730be65/pred.tsv	6866b24b84ef4a1225d852583605bc92defd18d72dc8672ea0f29405c1990a27	5a685cae736f37dc5d8cb15588580133e575fbf40bab685ad95886b5cdfd6670	16.286362040787935	23611c1d783167ec16913c8b151a1e4895d9bd7ce4f4a1843bc0a9947be260bf	0,1,2,3,4,5,6,7,8,9,10,11,12,13,14,15,16,17,18,19,20,21,22,23,24,25,26,27,28,29,30,31	32	0	6c2f91a47bd803e52a9c14f8d730be65	EXPLICIT	20260822T190211_523850	0	32	1510	15392160	4a9332dabffcd98c7599b85439f7d606f718682ffdda4b06e0bbac2f51455b6b	4a9332dabffcd98c7599b85439f7d606f718682ffdda4b06e0bbac2f51455b6b	4a9332dabffcd98c7599b85439f7d606f718682ffdda4b06e0bbac2f51455b6b	0	PAIRED_NEW_EVALUATOR_AFTER_CANONICAL_IDENTITY
0.9999018981091673	557b115aafec7562cf3465cc3d2d5fedebc28b7218381fb2a9913b199d9e6508	dnaformer_illumina	0	4.103383711	2b1d8974bd325b510ac63e0612f459b15a5d5125e60f065fddc11196c50ceff3	0.9991541148220913	109851	PASS	NOT_APPLICABLE	109944	3183840	0.013734264716582987	.orders/round_01_seed_6c2f91a47bd803e52a9c14f8d730be65.jsonl.gz	5fb733efb00e14ab2198095c1e941adc1712319963a6cbc167b81087879ad4f4	28.606399644	new	109944	threads_32/round_01_seed_6c2f91a47bd803e52a9c14f8d730be65/pred.tsv	7349455fef139ab6b09d362edc77eaeab7bc3384c63397c62c91a3dffe9a07e9	5a685cae736f37dc5d8cb15588580133e575fbf40bab685ad95886b5cdfd6670	19.151776488870382	66ce485be663e65967a2e17dee1a6b23b84789e405ffef8bb97fe80ea74a1b2e	0,1,2,3,4,5,6,7,8,9,10,11,12,13,14,15,16,17,18,19,20,21,22,23,24,25,26,27,28,29,30,31	32	NOT_APPLICABLE	6c2f91a47bd803e52a9c14f8d730be65	EXPLICIT	acor_20260822T190234_92dc76ec98e047b798a22a4b58c52b5d	NOT_APPLICABLE	32	1510	15392160	4a9332dabffcd98c7599b85439f7d606f718682ffdda4b06e0bbac2f51455b6b	4a9332dabffcd98c7599b85439f7d606f718682ffdda4b06e0bbac2f51455b6b	4a9332dabffcd98c7599b85439f7d606f718682ffdda4b06e0bbac2f51455b6b	0	NATIVE_EVALUATOR
0.9999018981091673	557b115aafec7562cf3465cc3d2d5fedebc28b7218381fb2a9913b199d9e6508	dnaformer_illumina	0	4.208623072	2b1d8974bd325b510ac63e0612f459b15a5d5125e60f065fddc11196c50ceff3	0.9991541148220913	109851	PASS	NOT_APPLICABLE	109944	3183840	0.013734264716582987	.orders/round_01_seed_347623f79bd6b0d704a53d8ad3cec129.jsonl.gz	f32378b6b2181466ddef617a1963b295b28cf89d33e7ad9434746103b6ad36d4	28.353726204	new_random	109944	threads_20/round_01_seed_347623f79bd6b0d704a53d8ad3cec129/pred.tsv	7349455fef139ab6b09d362edc77eaeab7bc3384c63397c62c91a3dffe9a07e9	5a685cae736f37dc5d8cb15588580133e575fbf40bab685ad95886b5cdfd6670	18.861449252814054	66ce485be663e65967a2e17dee1a6b23b84789e405ffef8bb97fe80ea74a1b2e	0,1,2,3,4,5,6,7,8,9,10,11,12,13,14,15,16,17,18,19	20	NOT_APPLICABLE	347623f79bd6b0d704a53d8ad3cec129	OS_RANDOM	acor_20260822T190305_9700dc87271f4237906cc33915ac3dc0	NOT_APPLICABLE	20	1510	15392160	4a9332dabffcd98c7599b85439f7d606f718682ffdda4b06e0bbac2f51455b6b	4a9332dabffcd98c7599b85439f7d606f718682ffdda4b06e0bbac2f51455b6b	4a9332dabffcd98c7599b85439f7d606f718682ffdda4b06e0bbac2f51455b6b	0	NATIVE_EVALUATOR
0.9999018981091673	557b115aafec7562cf3465cc3d2d5fedebc28b7218381fb2a9913b199d9e6508	dnaformer_illumina	0	4.348782356	2b1d8974bd325b510ac63e0612f459b15a5d5125e60f065fddc11196c50ceff3	0.9991541148220913	109851	PASS	NOT_APPLICABLE	109944	3183840	0.013734264716582987	.orders/round_01_seed_347623f79bd6b0d704a53d8ad3cec129.jsonl.gz	f32378b6b2181466ddef617a1963b295b28cf89d33e7ad9434746103b6ad36d4	28.861573167	new_replay	109944	threads_20/round_01_seed_347623f79bd6b0d704a53d8ad3cec129/pred.tsv	7349455fef139ab6b09d362edc77eaeab7bc3384c63397c62c91a3dffe9a07e9	5a685cae736f37dc5d8cb15588580133e575fbf40bab685ad95886b5cdfd6670	19.517133623361588	66ce485be663e65967a2e17dee1a6b23b84789e405ffef8bb97fe80ea74a1b2e	0,1,2,3,4,5,6,7,8,9,10,11,12,13,14,15,16,17,18,19	20	NOT_APPLICABLE	347623f79bd6b0d704a53d8ad3cec129	EXPLICIT	acor_20260822T190334_b807e6c5fb6b4bbd8b0cd640fb0d898e	NOT_APPLICABLE	20	1510	15392160	4a9332dabffcd98c7599b85439f7d606f718682ffdda4b06e0bbac2f51455b6b	4a9332dabffcd98c7599b85439f7d606f718682ffdda4b06e0bbac2f51455b6b	4a9332dabffcd98c7599b85439f7d606f718682ffdda4b06e0bbac2f51455b6b	0	NATIVE_EVALUATOR
0.9985417444320019	ee320c9ecdbfd1fbcd4264a735c7ac04d9a2c5be681b9a2297ceabcef951d685	zenodo10943282	0	31.121023843	a9ccb311ac47f34a3934bb868bc3a21af0f77de0cf1355d5b680cd9bef516874	0.9588301165931098	87336	PASS	0	91086	2436631	0.21873833519970137	threads_1/round_01_seed_6c2f91a47bd803e52a9c14f8d730be65/.internal/order.jsonl.gz	c642b849362fd8f2c7875755b6b542643184830a22fee5e7159c92cff28b29d3	47.218304850	old	91086	threads_1/round_01_seed_6c2f91a47bd803e52a9c14f8d730be65/pred.tsv	96843deb757180c05e6d07eea76aa06af372f3427be543b05e58476a47fad24a	c48ec6877151224f900dc31d7f2b15e8c103ba6974c5b155132fe7e0a8bf3f6c	42.81132887676358	23611c1d783167ec16913c8b151a1e4895d9bd7ce4f4a1843bc0a9947be260bf	0	1	0	6c2f91a47bd803e52a9c14f8d730be65	EXPLICIT	20260822T191530_165066	0	1	19924	13662900	ff018cb20ebb3d1c5605cb5b0f27750164072138bfd4fd648b1812a64224c7b8	5a19482996c96032ba5902e8e7288585870a958d63ca905da77ec832989cdd2e	ff018cb20ebb3d1c5605cb5b0f27750164072138bfd4fd648b1812a64224c7b8	680	PAIRED_NEW_EVALUATOR_AFTER_CANONICAL_IDENTITY
0.9985417444320019	ee320c9ecdbfd1fbcd4264a735c7ac04d9a2c5be681b9a2297ceabcef951d685	zenodo10943282	0	63.955541573	2b1d8974bd325b510ac63e0612f459b15a5d5125e60f065fddc11196c50ceff3	0.9588301165931098	87336	PASS	NOT_APPLICABLE	91086	2436631	0.21873833519970137	.orders/round_01_seed_6c2f91a47bd803e52a9c14f8d730be65.jsonl.gz	c642b849362fd8f2c7875755b6b542643184830a22fee5e7159c92cff28b29d3	84.644329406	new	91086	threads_1/round_01_seed_6c2f91a47bd803e52a9c14f8d730be65/pred.tsv	4bb35c68d32dc9471463dd5d687c296b3bd768cc0e0bb613738eb5817209b60d	c48ec6877151224f900dc31d7f2b15e8c103ba6974c5b155132fe7e0a8bf3f6c	77.28824459761381	66ce485be663e65967a2e17dee1a6b23b84789e405ffef8bb97fe80ea74a1b2e	0	1	NOT_APPLICABLE	6c2f91a47bd803e52a9c14f8d730be65	EXPLICIT	acor_20260822T191618_5446491cf56e47e9bfc3363541d99433	NOT_APPLICABLE	1	19924	13662900	ff018cb20ebb3d1c5605cb5b0f27750164072138bfd4fd648b1812a64224c7b8	5a19482996c96032ba5902e8e7288585870a958d63ca905da77ec832989cdd2e	ff018cb20ebb3d1c5605cb5b0f27750164072138bfd4fd648b1812a64224c7b8	680	NATIVE_EVALUATOR
0.9985417444320019	ee320c9ecdbfd1fbcd4264a735c7ac04d9a2c5be681b9a2297ceabcef951d685	zenodo10943282	0	10.291258215	a9ccb311ac47f34a3934bb868bc3a21af0f77de0cf1355d5b680cd9bef516874	0.9588301165931098	87336	PASS	0	91086	2436631	0.21873833519970137	threads_4/round_01_seed_6c2f91a47bd803e52a9c14f8d730be65/.internal/order.jsonl.gz	c642b849362fd8f2c7875755b6b542643184830a22fee5e7159c92cff28b29d3	26.418778129	old	91086	threads_4/round_01_seed_6c2f91a47bd803e52a9c14f8d730be65/pred.tsv	96843deb757180c05e6d07eea76aa06af372f3427be543b05e58476a47fad24a	c48ec6877151224f900dc31d7f2b15e8c103ba6974c5b155132fe7e0a8bf3f6c	21.985041916370392	23611c1d783167ec16913c8b151a1e4895d9bd7ce4f4a1843bc0a9947be260bf	0,1,2,3	4	0	6c2f91a47bd803e52a9c14f8d730be65	EXPLICIT	20260822T191744_202108	0	4	19924	13662900	ff018cb20ebb3d1c5605cb5b0f27750164072138bfd4fd648b1812a64224c7b8	5a19482996c96032ba5902e8e7288585870a958d63ca905da77ec832989cdd2e	ff018cb20ebb3d1c5605cb5b0f27750164072138bfd4fd648b1812a64224c7b8	680	PAIRED_NEW_EVALUATOR_AFTER_CANONICAL_IDENTITY
0.9985417444320019	ee320c9ecdbfd1fbcd4264a735c7ac04d9a2c5be681b9a2297ceabcef951d685	zenodo10943282	0	19.506888885	2b1d8974bd325b510ac63e0612f459b15a5d5125e60f065fddc11196c50ceff3	0.9588301165931098	87336	PASS	NOT_APPLICABLE	91086	2436631	0.21873833519970137	.orders/round_01_seed_6c2f91a47bd803e52a9c14f8d730be65.jsonl.gz	c642b849362fd8f2c7875755b6b542643184830a22fee5e7159c92cff28b29d3	39.866840884	new	91086	threads_4/round_01_seed_6c2f91a47bd803e52a9c14f8d730be65/pred.tsv	4bb35c68d32dc9471463dd5d687c296b3bd768cc0e0bb613738eb5817209b60d	c48ec6877151224f900dc31d7f2b15e8c103ba6974c5b155132fe7e0a8bf3f6c	32.84589205309749	66ce485be663e65967a2e17dee1a6b23b84789e405ffef8bb97fe80ea74a1b2e	0,1,2,3	4	NOT_APPLICABLE	6c2f91a47bd803e52a9c14f8d730be65	EXPLICIT	acor_20260822T191811_67b71e6cda054d5cbc41c11fee25a1a8	NOT_APPLICABLE	4	19924	13662900	ff018cb20ebb3d1c5605cb5b0f27750164072138bfd4fd648b1812a64224c7b8	5a19482996c96032ba5902e8e7288585870a958d63ca905da77ec832989cdd2e	ff018cb20ebb3d1c5605cb5b0f27750164072138bfd4fd648b1812a64224c7b8	680	NATIVE_EVALUATOR
0.9985417444320019	ee320c9ecdbfd1fbcd4264a735c7ac04d9a2c5be681b9a2297ceabcef951d685	zenodo10943282	0	4.14855594	a9ccb311ac47f34a3934bb868bc3a21af0f77de0cf1355d5b680cd9bef516874	0.9588301165931098	87336	PASS	0	91086	2436631	0.21873833519970137	threads_16/round_01_seed_6c2f91a47bd803e52a9c14f8d730be65/.internal/order.jsonl.gz	c642b849362fd8f2c7875755b6b542643184830a22fee5e7159c92cff28b29d3	20.499848776	old	91086	threads_16/round_01_seed_6c2f91a47bd803e52a9c14f8d730be65/pred.tsv	96843deb757180c05e6d07eea76aa06af372f3427be543b05e58476a47fad24a	c48ec6877151224f900dc31d7f2b15e8c103ba6974c5b155132fe7e0a8bf3f6c	16.06601171195507	23611c1d783167ec16913c8b151a1e4895d9bd7ce4f4a1843bc0a9947be260bf	0,1,2,3,4,5,6,7,8,9,10,11,12,13,14,15	16	0	6c2f91a47bd803e52a9c14f8d730be65	EXPLICIT	20260822T191852_542951	0	16	19924	13662900	ff018cb20ebb3d1c5605cb5b0f27750164072138bfd4fd648b1812a64224c7b8	5a19482996c96032ba5902e8e7288585870a958d63ca905da77ec832989cdd2e	ff018cb20ebb3d1c5605cb5b0f27750164072138bfd4fd648b1812a64224c7b8	680	PAIRED_NEW_EVALUATOR_AFTER_CANONICAL_IDENTITY
0.9985417444320019	ee320c9ecdbfd1fbcd4264a735c7ac04d9a2c5be681b9a2297ceabcef951d685	zenodo10943282	0	6.652083665	2b1d8974bd325b510ac63e0612f459b15a5d5125e60f065fddc11196c50ceff3	0.9588301165931098	87336	PASS	NOT_APPLICABLE	91086	2436631	0.21873833519970137	.orders/round_01_seed_6c2f91a47bd803e52a9c14f8d730be65.jsonl.gz	c642b849362fd8f2c7875755b6b542643184830a22fee5e7159c92cff28b29d3	27.222891886	new	91086	threads_16/round_01_seed_6c2f91a47bd803e52a9c14f8d730be65/pred.tsv	4bb35c68d32dc9471463dd5d687c296b3bd768cc0e0bb613738eb5817209b60d	c48ec6877151224f900dc31d7f2b15e8c103ba6974c5b155132fe7e0a8bf3f6c	20.18158170953393	66ce485be663e65967a2e17dee1a6b23b84789e405ffef8bb97fe80ea74a1b2e	0,1,2,3,4,5,6,7,8,9,10,11,12,13,14,15	16	NOT_APPLICABLE	6c2f91a47bd803e52a9c14f8d730be65	EXPLICIT	acor_20260822T191913_d8968f709d0c452d9737a499ed469f08	NOT_APPLICABLE	16	19924	13662900	ff018cb20ebb3d1c5605cb5b0f27750164072138bfd4fd648b1812a64224c7b8	5a19482996c96032ba5902e8e7288585870a958d63ca905da77ec832989cdd2e	ff018cb20ebb3d1c5605cb5b0f27750164072138bfd4fd648b1812a64224c7b8	680	NATIVE_EVALUATOR
0.9985417444320019	ee320c9ecdbfd1fbcd4264a735c7ac04d9a2c5be681b9a2297ceabcef951d685	zenodo10943282	0	3.668754062	a9ccb311ac47f34a3934bb868bc3a21af0f77de0cf1355d5b680cd9bef516874	0.9588301165931098	87336	PASS	0	91086	2436631	0.21873833519970137	threads_20/round_01_seed_6c2f91a47bd803e52a9c14f8d730be65/.internal/order.jsonl.gz	c642b849362fd8f2c7875755b6b542643184830a22fee5e7159c92cff28b29d3	19.642793793	old	91086	threads_20/round_01_seed_6c2f91a47bd803e52a9c14f8d730be65/pred.tsv	96843deb757180c05e6d07eea76aa06af372f3427be543b05e58476a47fad24a	c48ec6877151224f900dc31d7f2b15e8c103ba6974c5b155132fe7e0a8bf3f6c	15.250027030706406	23611c1d783167ec16913c8b151a1e4895d9bd7ce4f4a1843bc0a9947be260bf	0,1,2,3,4,5,6,7,8,9,10,11,12,13,14,15,16,17,18,19	20	0	6c2f91a47bd803e52a9c14f8d730be65	EXPLICIT	20260822T191942_649603	0	20	19924	13662900	ff018cb20ebb3d1c5605cb5b0f27750164072138bfd4fd648b1812a64224c7b8	5a19482996c96032ba5902e8e7288585870a958d63ca905da77ec832989cdd2e	ff018cb20ebb3d1c5605cb5b0f27750164072138bfd4fd648b1812a64224c7b8	680	PAIRED_NEW_EVALUATOR_AFTER_CANONICAL_IDENTITY
0.9985417444320019	ee320c9ecdbfd1fbcd4264a735c7ac04d9a2c5be681b9a2297ceabcef951d685	zenodo10943282	0	5.6891796	2b1d8974bd325b510ac63e0612f459b15a5d5125e60f065fddc11196c50ceff3	0.9588301165931098	87336	PASS	NOT_APPLICABLE	91086	2436631	0.21873833519970137	.orders/round_01_seed_6c2f91a47bd803e52a9c14f8d730be65.jsonl.gz	c642b849362fd8f2c7875755b6b542643184830a22fee5e7159c92cff28b29d3	26.146208841	new	91086	threads_20/round_01_seed_6c2f91a47bd803e52a9c14f8d730be65/pred.tsv	4bb35c68d32dc9471463dd5d687c296b3bd768cc0e0bb613738eb5817209b60d	c48ec6877151224f900dc31d7f2b15e8c103ba6974c5b155132fe7e0a8bf3f6c	19.187438812106848	66ce485be663e65967a2e17dee1a6b23b84789e405ffef8bb97fe80ea74a1b2e	0,1,2,3,4,5,6,7,8,9,10,11,12,13,14,15,16,17,18,19	20	NOT_APPLICABLE	6c2f91a47bd803e52a9c14f8d730be65	EXPLICIT	acor_20260822T192002_8c5ee90ee41e49ca85b29cc16f85650c	NOT_APPLICABLE	20	19924	13662900	ff018cb20ebb3d1c5605cb5b0f27750164072138bfd4fd648b1812a64224c7b8	5a19482996c96032ba5902e8e7288585870a958d63ca905da77ec832989cdd2e	ff018cb20ebb3d1c5605cb5b0f27750164072138bfd4fd648b1812a64224c7b8	680	NATIVE_EVALUATOR
0.9985417444320019	ee320c9ecdbfd1fbcd4264a735c7ac04d9a2c5be681b9a2297ceabcef951d685	zenodo10943282	0	3.565496386	a9ccb311ac47f34a3934bb868bc3a21af0f77de0cf1355d5b680cd9bef516874	0.9588301165931098	87336	PASS	0	91086	2436631	0.21873833519970137	threads_32/round_01_seed_6c2f91a47bd803e52a9c14f8d730be65/.internal/order.jsonl.gz	c642b849362fd8f2c7875755b6b542643184830a22fee5e7159c92cff28b29d3	19.846223332	old	91086	threads_32/round_01_seed_6c2f91a47bd803e52a9c14f8d730be65/pred.tsv	96843deb757180c05e6d07eea76aa06af372f3427be543b05e58476a47fad24a	c48ec6877151224f900dc31d7f2b15e8c103ba6974c5b155132fe7e0a8bf3f6c	15.43311581760645	23611c1d783167ec16913c8b151a1e4895d9bd7ce4f4a1843bc0a9947be260bf	0,1,2,3,4,5,6,7,8,9,10,11,12,13,14,15,16,17,18,19,20,21,22,23,24,25,26,27,28,29,30,31	32	0	6c2f91a47bd803e52a9c14f8d730be65	EXPLICIT	20260822T192029_958370	0	32	19924	13662900	ff018cb20ebb3d1c5605cb5b0f27750164072138bfd4fd648b1812a64224c7b8	5a19482996c96032ba5902e8e7288585870a958d63ca905da77ec832989cdd2e	ff018cb20ebb3d1c5605cb5b0f27750164072138bfd4fd648b1812a64224c7b8	680	PAIRED_NEW_EVALUATOR_AFTER_CANONICAL_IDENTITY
0.9985417444320019	ee320c9ecdbfd1fbcd4264a735c7ac04d9a2c5be681b9a2297ceabcef951d685	zenodo10943282	0	5.199947034	2b1d8974bd325b510ac63e0612f459b15a5d5125e60f065fddc11196c50ceff3	0.9588301165931098	87336	PASS	NOT_APPLICABLE	91086	2436631	0.21873833519970137	.orders/round_01_seed_6c2f91a47bd803e52a9c14f8d730be65.jsonl.gz	c642b849362fd8f2c7875755b6b542643184830a22fee5e7159c92cff28b29d3	26.136397306	new	91086	threads_32/round_01_seed_6c2f91a47bd803e52a9c14f8d730be65/pred.tsv	4bb35c68d32dc9471463dd5d687c296b3bd768cc0e0bb613738eb5817209b60d	c48ec6877151224f900dc31d7f2b15e8c103ba6974c5b155132fe7e0a8bf3f6c	19.093080952763557	66ce485be663e65967a2e17dee1a6b23b84789e405ffef8bb97fe80ea74a1b2e	0,1,2,3,4,5,6,7,8,9,10,11,12,13,14,15,16,17,18,19,20,21,22,23,24,25,26,27,28,29,30,31	32	NOT_APPLICABLE	6c2f91a47bd803e52a9c14f8d730be65	EXPLICIT	acor_20260822T192050_fdfb47c08a834bc4abc0f296d3fd8ac4	NOT_APPLICABLE	32	19924	13662900	ff018cb20ebb3d1c5605cb5b0f27750164072138bfd4fd648b1812a64224c7b8	5a19482996c96032ba5902e8e7288585870a958d63ca905da77ec832989cdd2e	ff018cb20ebb3d1c5605cb5b0f27750164072138bfd4fd648b1812a64224c7b8	680	NATIVE_EVALUATOR
0.9985417444320019	ee320c9ecdbfd1fbcd4264a735c7ac04d9a2c5be681b9a2297ceabcef951d685	zenodo10943282	0	5.70346638	2b1d8974bd325b510ac63e0612f459b15a5d5125e60f065fddc11196c50ceff3	0.9588301165931098	87336	PASS	NOT_APPLICABLE	91086	2436631	0.21873833519970137	.orders/round_01_seed_7dc5789b8602ccdd10543e318cddb7c3.jsonl.gz	7ce55e94d0b99bd1a8ac69ce3e814123723028bb0ebdb3c43de6bc87b5952a2f	25.920977518	new_random	91086	threads_20/round_01_seed_7dc5789b8602ccdd10543e318cddb7c3/pred.tsv	4bb35c68d32dc9471463dd5d687c296b3bd768cc0e0bb613738eb5817209b60d	c48ec6877151224f900dc31d7f2b15e8c103ba6974c5b155132fe7e0a8bf3f6c	19.13862033933401	66ce485be663e65967a2e17dee1a6b23b84789e405ffef8bb97fe80ea74a1b2e	0,1,2,3,4,5,6,7,8,9,10,11,12,13,14,15,16,17,18,19	20	NOT_APPLICABLE	7dc5789b8602ccdd10543e318cddb7c3	OS_RANDOM	acor_20260822T192117_3ad1d00e073a41db968da0fcc4c4dee5	NOT_APPLICABLE	20	19924	13662900	ff018cb20ebb3d1c5605cb5b0f27750164072138bfd4fd648b1812a64224c7b8	5a19482996c96032ba5902e8e7288585870a958d63ca905da77ec832989cdd2e	ff018cb20ebb3d1c5605cb5b0f27750164072138bfd4fd648b1812a64224c7b8	680	NATIVE_EVALUATOR
0.9985417444320019	ee320c9ecdbfd1fbcd4264a735c7ac04d9a2c5be681b9a2297ceabcef951d685	zenodo10943282	0	5.752250588	2b1d8974bd325b510ac63e0612f459b15a5d5125e60f065fddc11196c50ceff3	0.9588301165931098	87336	PASS	NOT_APPLICABLE	91086	2436631	0.21873833519970137	.orders/round_01_seed_7dc5789b8602ccdd10543e318cddb7c3.jsonl.gz	7ce55e94d0b99bd1a8ac69ce3e814123723028bb0ebdb3c43de6bc87b5952a2f	26.148559589	new_replay	91086	threads_20/round_01_seed_7dc5789b8602ccdd10543e318cddb7c3/pred.tsv	4bb35c68d32dc9471463dd5d687c296b3bd768cc0e0bb613738eb5817209b60d	c48ec6877151224f900dc31d7f2b15e8c103ba6974c5b155132fe7e0a8bf3f6c	19.38969774544239	66ce485be663e65967a2e17dee1a6b23b84789e405ffef8bb97fe80ea74a1b2e	0,1,2,3,4,5,6,7,8,9,10,11,12,13,14,15,16,17,18,19	20	NOT_APPLICABLE	7dc5789b8602ccdd10543e318cddb7c3	EXPLICIT	acor_20260822T192144_a104aaabd95d41ad97bf2209fb594eeb	NOT_APPLICABLE	20	19924	13662900	ff018cb20ebb3d1c5605cb5b0f27750164072138bfd4fd648b1812a64224c7b8	5a19482996c96032ba5902e8e7288585870a958d63ca905da77ec832989cdd2e	ff018cb20ebb3d1c5605cb5b0f27750164072138bfd4fd648b1812a64224c7b8	680	NATIVE_EVALUATOR
0.9999828216374269	fd6beb83491f6ce71af4ef037960754d50be356fbd86c7404ebae63751b056a0	err1816980_fountain	0	60.191123963	a9ccb311ac47f34a3934bb868bc3a21af0f77de0cf1355d5b680cd9bef516874	0.9997222222222222	71980	PASS	0	72000	14615663	0.002611111111111111	threads_1/round_01_seed_6c2f91a47bd803e52a9c14f8d730be65/.internal/order.jsonl.gz	87084cc9c1777c8941279a15b3462c791cd26912e92f8b650dbc8d1114f111be	101.059454083	old	72000	threads_1/round_01_seed_6c2f91a47bd803e52a9c14f8d730be65/pred.tsv	33800db437d31c5f1d2a165dd21176a035ae84e6c18904329ead5259fb1575c0	1e283d20d047b77631cfeff4753a436ef353eeaadf25f9e6b1bc3d9e9e39c2e1	75.54397465288639	23611c1d783167ec16913c8b151a1e4895d9bd7ce4f4a1843bc0a9947be260bf	0	1	0	6c2f91a47bd803e52a9c14f8d730be65	EXPLICIT	20260822T192328_598508	0	1	188	10944000	33fcbadcd52583bc9067fdec79bfa57eafe33049b823b0854eb0f7c3188c3d9d	33fcbadcd52583bc9067fdec79bfa57eafe33049b823b0854eb0f7c3188c3d9d	33fcbadcd52583bc9067fdec79bfa57eafe33049b823b0854eb0f7c3188c3d9d	0	PAIRED_NEW_EVALUATOR_AFTER_CANONICAL_IDENTITY
0.9999828216374269	fd6beb83491f6ce71af4ef037960754d50be356fbd86c7404ebae63751b056a0	err1816980_fountain	0	107.494832241	2b1d8974bd325b510ac63e0612f459b15a5d5125e60f065fddc11196c50ceff3	0.9997222222222222	71980	PASS	NOT_APPLICABLE	72000	14615663	0.002611111111111111	.orders/round_01_seed_6c2f91a47bd803e52a9c14f8d730be65.jsonl.gz	87084cc9c1777c8941279a15b3462c791cd26912e92f8b650dbc8d1114f111be	162.869154226	new	72000	threads_1/round_01_seed_6c2f91a47bd803e52a9c14f8d730be65/pred.tsv	4edf90f2915526422a97321788dc39570422db1fd88953ce8c5ec92dd5aee956	1e283d20d047b77631cfeff4753a436ef353eeaadf25f9e6b1bc3d9e9e39c2e1	123.93106719851494	66ce485be663e65967a2e17dee1a6b23b84789e405ffef8bb97fe80ea74a1b2e	0	1	NOT_APPLICABLE	6c2f91a47bd803e52a9c14f8d730be65	EXPLICIT	acor_20260822T192510_8d5d169756f645ad8b8b8e3006643361	NOT_APPLICABLE	1	188	10944000	33fcbadcd52583bc9067fdec79bfa57eafe33049b823b0854eb0f7c3188c3d9d	33fcbadcd52583bc9067fdec79bfa57eafe33049b823b0854eb0f7c3188c3d9d	33fcbadcd52583bc9067fdec79bfa57eafe33049b823b0854eb0f7c3188c3d9d	0	NATIVE_EVALUATOR
0.9999828216374269	fd6beb83491f6ce71af4ef037960754d50be356fbd86c7404ebae63751b056a0	err1816980_fountain	0	22.67999372	a9ccb311ac47f34a3934bb868bc3a21af0f77de0cf1355d5b680cd9bef516874	0.9997222222222222	71980	PASS	0	72000	14615663	0.002611111111111111	threads_4/round_01_seed_6c2f91a47bd803e52a9c14f8d730be65/.internal/order.jsonl.gz	87084cc9c1777c8941279a15b3462c791cd26912e92f8b650dbc8d1114f111be	64.123629440	old	72000	threads_4/round_01_seed_6c2f91a47bd803e52a9c14f8d730be65/pred.tsv	33800db437d31c5f1d2a165dd21176a035ae84e6c18904329ead5259fb1575c0	1e283d20d047b77631cfeff4753a436ef353eeaadf25f9e6b1bc3d9e9e39c2e1	38.63869361579418	23611c1d783167ec16913c8b151a1e4895d9bd7ce4f4a1843bc0a9947be260bf	0,1,2,3	4	0	6c2f91a47bd803e52a9c14f8d730be65	EXPLICIT	20260822T192754_053852	0	4	188	10944000	33fcbadcd52583bc9067fdec79bfa57eafe33049b823b0854eb0f7c3188c3d9d	33fcbadcd52583bc9067fdec79bfa57eafe33049b823b0854eb0f7c3188c3d9d	33fcbadcd52583bc9067fdec79bfa57eafe33049b823b0854eb0f7c3188c3d9d	0	PAIRED_NEW_EVALUATOR_AFTER_CANONICAL_IDENTITY
0.9999828216374269	fd6beb83491f6ce71af4ef037960754d50be356fbd86c7404ebae63751b056a0	err1816980_fountain	0	35.637222365	2b1d8974bd325b510ac63e0612f459b15a5d5125e60f065fddc11196c50ceff3	0.9997222222222222	71980	PASS	NOT_APPLICABLE	72000	14615663	0.002611111111111111	.orders/round_01_seed_6c2f91a47bd803e52a9c14f8d730be65.jsonl.gz	87084cc9c1777c8941279a15b3462c791cd26912e92f8b650dbc8d1114f111be	93.134000678	new	72000	threads_4/round_01_seed_6c2f91a47bd803e52a9c14f8d730be65/pred.tsv	4edf90f2915526422a97321788dc39570422db1fd88953ce8c5ec92dd5aee956	1e283d20d047b77631cfeff4753a436ef353eeaadf25f9e6b1bc3d9e9e39c2e1	53.68225460126996	66ce485be663e65967a2e17dee1a6b23b84789e405ffef8bb97fe80ea74a1b2e	0,1,2,3	4	NOT_APPLICABLE	6c2f91a47bd803e52a9c14f8d730be65	EXPLICIT	acor_20260822T192859_a8a12bb8307f445bb2efbbf6eeff8c9f	NOT_APPLICABLE	4	188	10944000	33fcbadcd52583bc9067fdec79bfa57eafe33049b823b0854eb0f7c3188c3d9d	33fcbadcd52583bc9067fdec79bfa57eafe33049b823b0854eb0f7c3188c3d9d	33fcbadcd52583bc9067fdec79bfa57eafe33049b823b0854eb0f7c3188c3d9d	0	NATIVE_EVALUATOR
0.9999828216374269	fd6beb83491f6ce71af4ef037960754d50be356fbd86c7404ebae63751b056a0	err1816980_fountain	0	11.604613096	a9ccb311ac47f34a3934bb868bc3a21af0f77de0cf1355d5b680cd9bef516874	0.9997222222222222	71980	PASS	0	72000	14615663	0.002611111111111111	threads_16/round_01_seed_6c2f91a47bd803e52a9c14f8d730be65/.internal/order.jsonl.gz	87084cc9c1777c8941279a15b3462c791cd26912e92f8b650dbc8d1114f111be	52.623739216	old	72000	threads_16/round_01_seed_6c2f91a47bd803e52a9c14f8d730be65/pred.tsv	33800db437d31c5f1d2a165dd21176a035ae84e6c18904329ead5259fb1575c0	1e283d20d047b77631cfeff4753a436ef353eeaadf25f9e6b1bc3d9e9e39c2e1	27.181852508336306	23611c1d783167ec16913c8b151a1e4895d9bd7ce4f4a1843bc0a9947be260bf	0,1,2,3,4,5,6,7,8,9,10,11,12,13,14,15	16	0	6c2f91a47bd803e52a9c14f8d730be65	EXPLICIT	20260822T193033_220939	0	16	188	10944000	33fcbadcd52583bc9067fdec79bfa57eafe33049b823b0854eb0f7c3188c3d9d	33fcbadcd52583bc9067fdec79bfa57eafe33049b823b0854eb0f7c3188c3d9d	33fcbadcd52583bc9067fdec79bfa57eafe33049b823b0854eb0f7c3188c3d9d	0	PAIRED_NEW_EVALUATOR_AFTER_CANONICAL_IDENTITY
0.9999828216374269	fd6beb83491f6ce71af4ef037960754d50be356fbd86c7404ebae63751b056a0	err1816980_fountain	0	15.067777287	2b1d8974bd325b510ac63e0612f459b15a5d5125e60f065fddc11196c50ceff3	0.9997222222222222	71980	PASS	NOT_APPLICABLE	72000	14615663	0.002611111111111111	.orders/round_01_seed_6c2f91a47bd803e52a9c14f8d730be65.jsonl.gz	87084cc9c1777c8941279a15b3462c791cd26912e92f8b650dbc8d1114f111be	72.149844095	new	72000	threads_16/round_01_seed_6c2f91a47bd803e52a9c14f8d730be65/pred.tsv	4edf90f2915526422a97321788dc39570422db1fd88953ce8c5ec92dd5aee956	1e283d20d047b77631cfeff4753a436ef353eeaadf25f9e6b1bc3d9e9e39c2e1	32.4389568939805	66ce485be663e65967a2e17dee1a6b23b84789e405ffef8bb97fe80ea74a1b2e	0,1,2,3,4,5,6,7,8,9,10,11,12,13,14,15	16	NOT_APPLICABLE	6c2f91a47bd803e52a9c14f8d730be65	EXPLICIT	acor_20260822T193126_7fa2baa9577c48fcba471a875a9f1fe4	NOT_APPLICABLE	16	188	10944000	33fcbadcd52583bc9067fdec79bfa57eafe33049b823b0854eb0f7c3188c3d9d	33fcbadcd52583bc9067fdec79bfa57eafe33049b823b0854eb0f7c3188c3d9d	33fcbadcd52583bc9067fdec79bfa57eafe33049b823b0854eb0f7c3188c3d9d	0	NATIVE_EVALUATOR
0.9999828216374269	fd6beb83491f6ce71af4ef037960754d50be356fbd86c7404ebae63751b056a0	err1816980_fountain	0	10.764089035	a9ccb311ac47f34a3934bb868bc3a21af0f77de0cf1355d5b680cd9bef516874	0.9997222222222222	71980	PASS	0	72000	14615663	0.002611111111111111	threads_20/round_01_seed_6c2f91a47bd803e52a9c14f8d730be65/.internal/order.jsonl.gz	87084cc9c1777c8941279a15b3462c791cd26912e92f8b650dbc8d1114f111be	52.485142536	old	72000	threads_20/round_01_seed_6c2f91a47bd803e52a9c14f8d730be65/pred.tsv	33800db437d31c5f1d2a165dd21176a035ae84e6c18904329ead5259fb1575c0	1e283d20d047b77631cfeff4753a436ef353eeaadf25f9e6b1bc3d9e9e39c2e1	26.20290680602193	23611c1d783167ec16913c8b151a1e4895d9bd7ce4f4a1843bc0a9947be260bf	0,1,2,3,4,5,6,7,8,9,10,11,12,13,14,15,16,17,18,19	20	0	6c2f91a47bd803e52a9c14f8d730be65	EXPLICIT	20260822T193239_570838	0	20	188	10944000	33fcbadcd52583bc9067fdec79bfa57eafe33049b823b0854eb0f7c3188c3d9d	33fcbadcd52583bc9067fdec79bfa57eafe33049b823b0854eb0f7c3188c3d9d	33fcbadcd52583bc9067fdec79bfa57eafe33049b823b0854eb0f7c3188c3d9d	0	PAIRED_NEW_EVALUATOR_AFTER_CANONICAL_IDENTITY
0.9999828216374269	fd6beb83491f6ce71af4ef037960754d50be356fbd86c7404ebae63751b056a0	err1816980_fountain	0	13.548809414	2b1d8974bd325b510ac63e0612f459b15a5d5125e60f065fddc11196c50ceff3	0.9997222222222222	71980	PASS	NOT_APPLICABLE	72000	14615663	0.002611111111111111	.orders/round_01_seed_6c2f91a47bd803e52a9c14f8d730be65.jsonl.gz	87084cc9c1777c8941279a15b3462c791cd26912e92f8b650dbc8d1114f111be	70.272101328	new	72000	threads_20/round_01_seed_6c2f91a47bd803e52a9c14f8d730be65/pred.tsv	4edf90f2915526422a97321788dc39570422db1fd88953ce8c5ec92dd5aee956	1e283d20d047b77631cfeff4753a436ef353eeaadf25f9e6b1bc3d9e9e39c2e1	30.140798583626747	66ce485be663e65967a2e17dee1a6b23b84789e405ffef8bb97fe80ea74a1b2e	0,1,2,3,4,5,6,7,8,9,10,11,12,13,14,15,16,17,18,19	20	NOT_APPLICABLE	6c2f91a47bd803e52a9c14f8d730be65	EXPLICIT	acor_20260822T193332_f9b69d5e482e4a409b468217b3e41e8f	NOT_APPLICABLE	20	188	10944000	33fcbadcd52583bc9067fdec79bfa57eafe33049b823b0854eb0f7c3188c3d9d	33fcbadcd52583bc9067fdec79bfa57eafe33049b823b0854eb0f7c3188c3d9d	33fcbadcd52583bc9067fdec79bfa57eafe33049b823b0854eb0f7c3188c3d9d	0	NATIVE_EVALUATOR
0.9999828216374269	fd6beb83491f6ce71af4ef037960754d50be356fbd86c7404ebae63751b056a0	err1816980_fountain	0	10.554776828	a9ccb311ac47f34a3934bb868bc3a21af0f77de0cf1355d5b680cd9bef516874	0.9997222222222222	71980	PASS	0	72000	14615663	0.002611111111111111	threads_32/round_01_seed_6c2f91a47bd803e52a9c14f8d730be65/.internal/order.jsonl.gz	87084cc9c1777c8941279a15b3462c791cd26912e92f8b650dbc8d1114f111be	51.823793262	old	72000	threads_32/round_01_seed_6c2f91a47bd803e52a9c14f8d730be65/pred.tsv	33800db437d31c5f1d2a165dd21176a035ae84e6c18904329ead5259fb1575c0	1e283d20d047b77631cfeff4753a436ef353eeaadf25f9e6b1bc3d9e9e39c2e1	26.127533338963985	23611c1d783167ec16913c8b151a1e4895d9bd7ce4f4a1843bc0a9947be260bf	0,1,2,3,4,5,6,7,8,9,10,11,12,13,14,15,16,17,18,19,20,21,22,23,24,25,26,27,28,29,30,31	32	0	6c2f91a47bd803e52a9c14f8d730be65	EXPLICIT	20260822T193444_359625	0	32	188	10944000	33fcbadcd52583bc9067fdec79bfa57eafe33049b823b0854eb0f7c3188c3d9d	33fcbadcd52583bc9067fdec79bfa57eafe33049b823b0854eb0f7c3188c3d9d	33fcbadcd52583bc9067fdec79bfa57eafe33049b823b0854eb0f7c3188c3d9d	0	PAIRED_NEW_EVALUATOR_AFTER_CANONICAL_IDENTITY
0.9999828216374269	fd6beb83491f6ce71af4ef037960754d50be356fbd86c7404ebae63751b056a0	err1816980_fountain	0	12.708197528	2b1d8974bd325b510ac63e0612f459b15a5d5125e60f065fddc11196c50ceff3	0.9997222222222222	71980	PASS	NOT_APPLICABLE	72000	14615663	0.002611111111111111	.orders/round_01_seed_6c2f91a47bd803e52a9c14f8d730be65.jsonl.gz	87084cc9c1777c8941279a15b3462c791cd26912e92f8b650dbc8d1114f111be	69.271001503	new	72000	threads_32/round_01_seed_6c2f91a47bd803e52a9c14f8d730be65/pred.tsv	4edf90f2915526422a97321788dc39570422db1fd88953ce8c5ec92dd5aee956	1e283d20d047b77631cfeff4753a436ef353eeaadf25f9e6b1bc3d9e9e39c2e1	29.869779534637928	66ce485be663e65967a2e17dee1a6b23b84789e405ffef8bb97fe80ea74a1b2e	0,1,2,3,4,5,6,7,8,9,10,11,12,13,14,15,16,17,18,19,20,21,22,23,24,25,26,27,28,29,30,31	32	NOT_APPLICABLE	6c2f91a47bd803e52a9c14f8d730be65	EXPLICIT	acor_20260822T193536_80921d08dd164179a253d0e0a39b6594	NOT_APPLICABLE	32	188	10944000	33fcbadcd52583bc9067fdec79bfa57eafe33049b823b0854eb0f7c3188c3d9d	33fcbadcd52583bc9067fdec79bfa57eafe33049b823b0854eb0f7c3188c3d9d	33fcbadcd52583bc9067fdec79bfa57eafe33049b823b0854eb0f7c3188c3d9d	0	NATIVE_EVALUATOR
0.9999828216374269	fd6beb83491f6ce71af4ef037960754d50be356fbd86c7404ebae63751b056a0	err1816980_fountain	0	13.48647002	2b1d8974bd325b510ac63e0612f459b15a5d5125e60f065fddc11196c50ceff3	0.9997222222222222	71980	PASS	NOT_APPLICABLE	72000	14615663	0.002611111111111111	.orders/round_01_seed_202a51ddef09ce82e632edc8b421f6ae.jsonl.gz	e362313341e6872c1b0c52778e2632cc7ac18da69d5946a6f5d481fe3bcac678	69.333672822	new_random	72000	threads_20/round_01_seed_202a51ddef09ce82e632edc8b421f6ae/pred.tsv	4edf90f2915526422a97321788dc39570422db1fd88953ce8c5ec92dd5aee956	1e283d20d047b77631cfeff4753a436ef353eeaadf25f9e6b1bc3d9e9e39c2e1	30.14834873378277	66ce485be663e65967a2e17dee1a6b23b84789e405ffef8bb97fe80ea74a1b2e	0,1,2,3,4,5,6,7,8,9,10,11,12,13,14,15,16,17,18,19	20	NOT_APPLICABLE	202a51ddef09ce82e632edc8b421f6ae	OS_RANDOM	acor_20260822T193647_f96d1aac5e7c4ccb92e9fa7241e64bf7	NOT_APPLICABLE	20	188	10944000	33fcbadcd52583bc9067fdec79bfa57eafe33049b823b0854eb0f7c3188c3d9d	33fcbadcd52583bc9067fdec79bfa57eafe33049b823b0854eb0f7c3188c3d9d	33fcbadcd52583bc9067fdec79bfa57eafe33049b823b0854eb0f7c3188c3d9d	0	NATIVE_EVALUATOR
0.9999828216374269	fd6beb83491f6ce71af4ef037960754d50be356fbd86c7404ebae63751b056a0	err1816980_fountain	0	13.346390565	2b1d8974bd325b510ac63e0612f459b15a5d5125e60f065fddc11196c50ceff3	0.9997222222222222	71980	PASS	NOT_APPLICABLE	72000	14615663	0.002611111111111111	.orders/round_01_seed_202a51ddef09ce82e632edc8b421f6ae.jsonl.gz	e362313341e6872c1b0c52778e2632cc7ac18da69d5946a6f5d481fe3bcac678	69.019113820	new_replay	72000	threads_20/round_01_seed_202a51ddef09ce82e632edc8b421f6ae/pred.tsv	4edf90f2915526422a97321788dc39570422db1fd88953ce8c5ec92dd5aee956	1e283d20d047b77631cfeff4753a436ef353eeaadf25f9e6b1bc3d9e9e39c2e1	29.932183261960745	66ce485be663e65967a2e17dee1a6b23b84789e405ffef8bb97fe80ea74a1b2e	0,1,2,3,4,5,6,7,8,9,10,11,12,13,14,15,16,17,18,19	20	NOT_APPLICABLE	202a51ddef09ce82e632edc8b421f6ae	EXPLICIT	acor_20260822T193756_56e5f7ecd83143f5a476d632ac763795	NOT_APPLICABLE	20	188	10944000	33fcbadcd52583bc9067fdec79bfa57eafe33049b823b0854eb0f7c3188c3d9d	33fcbadcd52583bc9067fdec79bfa57eafe33049b823b0854eb0f7c3188c3d9d	33fcbadcd52583bc9067fdec79bfa57eafe33049b823b0854eb0f7c3188c3d9d	0	NATIVE_EVALUATOR
0.9999828216374269	fd6beb83491f6ce71af4ef037960754d50be356fbd86c7404ebae63751b056a0	err1816980_official	0	123.21341748	a9ccb311ac47f34a3934bb868bc3a21af0f77de0cf1355d5b680cd9bef516874	0.9997222222222222	71980	PASS	0	72000	32230998	0.002611111111111111	threads_1/round_01_seed_6c2f91a47bd803e52a9c14f8d730be65/.internal/order.jsonl.gz	fa8ebad18e2dc51730ca66982097326a7146c6cd0faa248ed2111e53e42c4771	204.870593928	old	72000	threads_1/round_01_seed_6c2f91a47bd803e52a9c14f8d730be65/pred.tsv	c48d1812f1746275620ab483c8f37cd808ff168d3878c0ad56174ae7c80a7970	53942b14fca9735e88c5b0b13d4ba6c5107a7755dbeeb6c0288b99009584c04b	146.70494352653623	23611c1d783167ec16913c8b151a1e4895d9bd7ce4f4a1843bc0a9947be260bf	0	1	0	6c2f91a47bd803e52a9c14f8d730be65	EXPLICIT	20260822T194143_822734	0	1	188	10944000	33fcbadcd52583bc9067fdec79bfa57eafe33049b823b0854eb0f7c3188c3d9d	33fcbadcd52583bc9067fdec79bfa57eafe33049b823b0854eb0f7c3188c3d9d	33fcbadcd52583bc9067fdec79bfa57eafe33049b823b0854eb0f7c3188c3d9d	0	PAIRED_NEW_EVALUATOR_AFTER_CANONICAL_IDENTITY
0.9999828216374269	fd6beb83491f6ce71af4ef037960754d50be356fbd86c7404ebae63751b056a0	err1816980_official	0	185.740545286	2b1d8974bd325b510ac63e0612f459b15a5d5125e60f065fddc11196c50ceff3	0.9997222222222222	71980	PASS	NOT_APPLICABLE	72000	32230998	0.002611111111111111	.orders/round_01_seed_6c2f91a47bd803e52a9c14f8d730be65.jsonl.gz	fa8ebad18e2dc51730ca66982097326a7146c6cd0faa248ed2111e53e42c4771	302.200044837	new	72000	threads_1/round_01_seed_6c2f91a47bd803e52a9c14f8d730be65/pred.tsv	5f0923a1b28673730f16353cf1f44920b8341dd50e42696d460763e0f12241b1	53942b14fca9735e88c5b0b13d4ba6c5107a7755dbeeb6c0288b99009584c04b	210.97065406665206	66ce485be663e65967a2e17dee1a6b23b84789e405ffef8bb97fe80ea74a1b2e	0	1	NOT_APPLICABLE	6c2f91a47bd803e52a9c14f8d730be65	EXPLICIT	acor_20260822T194508_47898fad0ee3409db64c4569f7ed872f	NOT_APPLICABLE	1	188	10944000	33fcbadcd52583bc9067fdec79bfa57eafe33049b823b0854eb0f7c3188c3d9d	33fcbadcd52583bc9067fdec79bfa57eafe33049b823b0854eb0f7c3188c3d9d	33fcbadcd52583bc9067fdec79bfa57eafe33049b823b0854eb0f7c3188c3d9d	0	NATIVE_EVALUATOR
0.9999828216374269	fd6beb83491f6ce71af4ef037960754d50be356fbd86c7404ebae63751b056a0	err1816980_official	0	48.354573593	a9ccb311ac47f34a3934bb868bc3a21af0f77de0cf1355d5b680cd9bef516874	0.9997222222222222	71980	PASS	0	72000	32230998	0.002611111111111111	threads_4/round_01_seed_6c2f91a47bd803e52a9c14f8d730be65/.internal/order.jsonl.gz	fa8ebad18e2dc51730ca66982097326a7146c6cd0faa248ed2111e53e42c4771	132.723330222	old	72000	threads_4/round_01_seed_6c2f91a47bd803e52a9c14f8d730be65/pred.tsv	c48d1812f1746275620ab483c8f37cd808ff168d3878c0ad56174ae7c80a7970	53942b14fca9735e88c5b0b13d4ba6c5107a7755dbeeb6c0288b99009584c04b	73.23400718346238	23611c1d783167ec16913c8b151a1e4895d9bd7ce4f4a1843bc0a9947be260bf	0,1,2,3	4	0	6c2f91a47bd803e52a9c14f8d730be65	EXPLICIT	20260822T195012_334408	0	4	188	10944000	33fcbadcd52583bc9067fdec79bfa57eafe33049b823b0854eb0f7c3188c3d9d	33fcbadcd52583bc9067fdec79bfa57eafe33049b823b0854eb0f7c3188c3d9d	33fcbadcd52583bc9067fdec79bfa57eafe33049b823b0854eb0f7c3188c3d9d	0	PAIRED_NEW_EVALUATOR_AFTER_CANONICAL_IDENTITY
0.9999828216374269	fd6beb83491f6ce71af4ef037960754d50be356fbd86c7404ebae63751b056a0	err1816980_official	0	68.844384147	2b1d8974bd325b510ac63e0612f459b15a5d5125e60f065fddc11196c50ceff3	0.9997222222222222	71980	PASS	NOT_APPLICABLE	72000	32230998	0.002611111111111111	.orders/round_01_seed_6c2f91a47bd803e52a9c14f8d730be65.jsonl.gz	fa8ebad18e2dc51730ca66982097326a7146c6cd0faa248ed2111e53e42c4771	184.964100882	new	72000	threads_4/round_01_seed_6c2f91a47bd803e52a9c14f8d730be65/pred.tsv	5f0923a1b28673730f16353cf1f44920b8341dd50e42696d460763e0f12241b1	53942b14fca9735e88c5b0b13d4ba6c5107a7755dbeeb6c0288b99009584c04b	95.27193641290069	66ce485be663e65967a2e17dee1a6b23b84789e405ffef8bb97fe80ea74a1b2e	0,1,2,3	4	NOT_APPLICABLE	6c2f91a47bd803e52a9c14f8d730be65	EXPLICIT	acor_20260822T195225_f651a132ef9f43dbb50198792dddcb8e	NOT_APPLICABLE	4	188	10944000	33fcbadcd52583bc9067fdec79bfa57eafe33049b823b0854eb0f7c3188c3d9d	33fcbadcd52583bc9067fdec79bfa57eafe33049b823b0854eb0f7c3188c3d9d	33fcbadcd52583bc9067fdec79bfa57eafe33049b823b0854eb0f7c3188c3d9d	0	NATIVE_EVALUATOR
0.9999828216374269	fd6beb83491f6ce71af4ef037960754d50be356fbd86c7404ebae63751b056a0	err1816980_official	0	27.48064595	a9ccb311ac47f34a3934bb868bc3a21af0f77de0cf1355d5b680cd9bef516874	0.9997222222222222	71980	PASS	0	72000	32230998	0.002611111111111111	threads_16/round_01_seed_6c2f91a47bd803e52a9c14f8d730be65/.internal/order.jsonl.gz	fa8ebad18e2dc51730ca66982097326a7146c6cd0faa248ed2111e53e42c4771	111.051714689	old	72000	threads_16/round_01_seed_6c2f91a47bd803e52a9c14f8d730be65/pred.tsv	c48d1812f1746275620ab483c8f37cd808ff168d3878c0ad56174ae7c80a7970	53942b14fca9735e88c5b0b13d4ba6c5107a7755dbeeb6c0288b99009584c04b	51.71363290771842	23611c1d783167ec16913c8b151a1e4895d9bd7ce4f4a1843bc0a9947be260bf	0,1,2,3,4,5,6,7,8,9,10,11,12,13,14,15	16	0	6c2f91a47bd803e52a9c14f8d730be65	EXPLICIT	20260822T195531_381141	0	16	188	10944000	33fcbadcd52583bc9067fdec79bfa57eafe33049b823b0854eb0f7c3188c3d9d	33fcbadcd52583bc9067fdec79bfa57eafe33049b823b0854eb0f7c3188c3d9d	33fcbadcd52583bc9067fdec79bfa57eafe33049b823b0854eb0f7c3188c3d9d	0	PAIRED_NEW_EVALUATOR_AFTER_CANONICAL_IDENTITY
0.9999828216374269	fd6beb83491f6ce71af4ef037960754d50be356fbd86c7404ebae63751b056a0	err1816980_official	0	35.274062828	2b1d8974bd325b510ac63e0612f459b15a5d5125e60f065fddc11196c50ceff3	0.9997222222222222	71980	PASS	NOT_APPLICABLE	72000	32230998	0.002611111111111111	.orders/round_01_seed_6c2f91a47bd803e52a9c14f8d730be65.jsonl.gz	fa8ebad18e2dc51730ca66982097326a7146c6cd0faa248ed2111e53e42c4771	150.726372529	new	72000	threads_16/round_01_seed_6c2f91a47bd803e52a9c14f8d730be65/pred.tsv	5f0923a1b28673730f16353cf1f44920b8341dd50e42696d460763e0f12241b1	53942b14fca9735e88c5b0b13d4ba6c5107a7755dbeeb6c0288b99009584c04b	61.00357497856021	66ce485be663e65967a2e17dee1a6b23b84789e405ffef8bb97fe80ea74a1b2e	0,1,2,3,4,5,6,7,8,9,10,11,12,13,14,15	16	NOT_APPLICABLE	6c2f91a47bd803e52a9c14f8d730be65	EXPLICIT	acor_20260822T195723_25013a6d6bbd45a081d5ec5efdc67003	NOT_APPLICABLE	16	188	10944000	33fcbadcd52583bc9067fdec79bfa57eafe33049b823b0854eb0f7c3188c3d9d	33fcbadcd52583bc9067fdec79bfa57eafe33049b823b0854eb0f7c3188c3d9d	33fcbadcd52583bc9067fdec79bfa57eafe33049b823b0854eb0f7c3188c3d9d	0	NATIVE_EVALUATOR
0.9999828216374269	fd6beb83491f6ce71af4ef037960754d50be356fbd86c7404ebae63751b056a0	err1816980_official	0	26.354356837	a9ccb311ac47f34a3934bb868bc3a21af0f77de0cf1355d5b680cd9bef516874	0.9997222222222222	71980	PASS	0	72000	32230998	0.002611111111111111	threads_20/round_01_seed_6c2f91a47bd803e52a9c14f8d730be65/.internal/order.jsonl.gz	fa8ebad18e2dc51730ca66982097326a7146c6cd0faa248ed2111e53e42c4771	110.948349725	old	72000	threads_20/round_01_seed_6c2f91a47bd803e52a9c14f8d730be65/pred.tsv	c48d1812f1746275620ab483c8f37cd808ff168d3878c0ad56174ae7c80a7970	53942b14fca9735e88c5b0b13d4ba6c5107a7755dbeeb6c0288b99009584c04b	50.324378952383995	23611c1d783167ec16913c8b151a1e4895d9bd7ce4f4a1843bc0a9947be260bf	0,1,2,3,4,5,6,7,8,9,10,11,12,13,14,15,16,17,18,19	20	0	6c2f91a47bd803e52a9c14f8d730be65	EXPLICIT	20260822T195955_671519	0	20	188	10944000	33fcbadcd52583bc9067fdec79bfa57eafe33049b823b0854eb0f7c3188c3d9d	33fcbadcd52583bc9067fdec79bfa57eafe33049b823b0854eb0f7c3188c3d9d	33fcbadcd52583bc9067fdec79bfa57eafe33049b823b0854eb0f7c3188c3d9d	0	PAIRED_NEW_EVALUATOR_AFTER_CANONICAL_IDENTITY
0.9999828216374269	fd6beb83491f6ce71af4ef037960754d50be356fbd86c7404ebae63751b056a0	err1816980_official	0	32.625101509	2b1d8974bd325b510ac63e0612f459b15a5d5125e60f065fddc11196c50ceff3	0.9997222222222222	71980	PASS	NOT_APPLICABLE	72000	32230998	0.002611111111111111	.orders/round_01_seed_6c2f91a47bd803e52a9c14f8d730be65.jsonl.gz	fa8ebad18e2dc51730ca66982097326a7146c6cd0faa248ed2111e53e42c4771	147.556329112	new	72000	threads_20/round_01_seed_6c2f91a47bd803e52a9c14f8d730be65/pred.tsv	5f0923a1b28673730f16353cf1f44920b8341dd50e42696d460763e0f12241b1	53942b14fca9735e88c5b0b13d4ba6c5107a7755dbeeb6c0288b99009584c04b	58.341246128082275	66ce485be663e65967a2e17dee1a6b23b84789e405ffef8bb97fe80ea74a1b2e	0,1,2,3,4,5,6,7,8,9,10,11,12,13,14,15,16,17,18,19	20	NOT_APPLICABLE	6c2f91a47bd803e52a9c14f8d730be65	EXPLICIT	acor_20260822T200147_4e0565b33a5847a2a20dc0444ab77e0e	NOT_APPLICABLE	20	188	10944000	33fcbadcd52583bc9067fdec79bfa57eafe33049b823b0854eb0f7c3188c3d9d	33fcbadcd52583bc9067fdec79bfa57eafe33049b823b0854eb0f7c3188c3d9d	33fcbadcd52583bc9067fdec79bfa57eafe33049b823b0854eb0f7c3188c3d9d	0	NATIVE_EVALUATOR
0.9999828216374269	fd6beb83491f6ce71af4ef037960754d50be356fbd86c7404ebae63751b056a0	err1816980_official	0	26.456781416	a9ccb311ac47f34a3934bb868bc3a21af0f77de0cf1355d5b680cd9bef516874	0.9997222222222222	71980	PASS	0	72000	32230998	0.002611111111111111	threads_32/round_01_seed_6c2f91a47bd803e52a9c14f8d730be65/.internal/order.jsonl.gz	fa8ebad18e2dc51730ca66982097326a7146c6cd0faa248ed2111e53e42c4771	109.632059384	old	72000	threads_32/round_01_seed_6c2f91a47bd803e52a9c14f8d730be65/pred.tsv	c48d1812f1746275620ab483c8f37cd808ff168d3878c0ad56174ae7c80a7970	53942b14fca9735e88c5b0b13d4ba6c5107a7755dbeeb6c0288b99009584c04b	50.76621476560831	23611c1d783167ec16913c8b151a1e4895d9bd7ce4f4a1843bc0a9947be260bf	0,1,2,3,4,5,6,7,8,9,10,11,12,13,14,15,16,17,18,19,20,21,22,23,24,25,26,27,28,29,30,31	32	0	6c2f91a47bd803e52a9c14f8d730be65	EXPLICIT	20260822T200415_564405	0	32	188	10944000	33fcbadcd52583bc9067fdec79bfa57eafe33049b823b0854eb0f7c3188c3d9d	33fcbadcd52583bc9067fdec79bfa57eafe33049b823b0854eb0f7c3188c3d9d	33fcbadcd52583bc9067fdec79bfa57eafe33049b823b0854eb0f7c3188c3d9d	0	PAIRED_NEW_EVALUATOR_AFTER_CANONICAL_IDENTITY
0.9999828216374269	fd6beb83491f6ce71af4ef037960754d50be356fbd86c7404ebae63751b056a0	err1816980_official	0	32.141451014	2b1d8974bd325b510ac63e0612f459b15a5d5125e60f065fddc11196c50ceff3	0.9997222222222222	71980	PASS	NOT_APPLICABLE	72000	32230998	0.002611111111111111	.orders/round_01_seed_6c2f91a47bd803e52a9c14f8d730be65.jsonl.gz	fa8ebad18e2dc51730ca66982097326a7146c6cd0faa248ed2111e53e42c4771	150.813914765	new	72000	threads_32/round_01_seed_6c2f91a47bd803e52a9c14f8d730be65/pred.tsv	5f0923a1b28673730f16353cf1f44920b8341dd50e42696d460763e0f12241b1	53942b14fca9735e88c5b0b13d4ba6c5107a7755dbeeb6c0288b99009584c04b	58.47926550731063	66ce485be663e65967a2e17dee1a6b23b84789e405ffef8bb97fe80ea74a1b2e	0,1,2,3,4,5,6,7,8,9,10,11,12,13,14,15,16,17,18,19,20,21,22,23,24,25,26,27,28,29,30,31	32	NOT_APPLICABLE	6c2f91a47bd803e52a9c14f8d730be65	EXPLICIT	acor_20260822T200606_31dcb0f87ee94464a08d6954f91a823b	NOT_APPLICABLE	32	188	10944000	33fcbadcd52583bc9067fdec79bfa57eafe33049b823b0854eb0f7c3188c3d9d	33fcbadcd52583bc9067fdec79bfa57eafe33049b823b0854eb0f7c3188c3d9d	33fcbadcd52583bc9067fdec79bfa57eafe33049b823b0854eb0f7c3188c3d9d	0	NATIVE_EVALUATOR
0.9999828216374269	fd6beb83491f6ce71af4ef037960754d50be356fbd86c7404ebae63751b056a0	err1816980_official	0	32.808442495	2b1d8974bd325b510ac63e0612f459b15a5d5125e60f065fddc11196c50ceff3	0.9997222222222222	71980	PASS	NOT_APPLICABLE	72000	32230998	0.002611111111111111	.orders/round_01_seed_0b00226c33413c9fbd05a71135e678d8.jsonl.gz	05c20bfff1e01c81d2bc676817167fce5034e93eab4ac464bad1377e93d24ffc	149.204973392	new_random	72000	threads_20/round_01_seed_0b00226c33413c9fbd05a71135e678d8/pred.tsv	5f0923a1b28673730f16353cf1f44920b8341dd50e42696d460763e0f12241b1	53942b14fca9735e88c5b0b13d4ba6c5107a7755dbeeb6c0288b99009584c04b	58.639933720231056	66ce485be663e65967a2e17dee1a6b23b84789e405ffef8bb97fe80ea74a1b2e	0,1,2,3,4,5,6,7,8,9,10,11,12,13,14,15,16,17,18,19	20	NOT_APPLICABLE	0b00226c33413c9fbd05a71135e678d8	OS_RANDOM	acor_20260822T200838_bacda0a204d1401a806e104cc6e8c8d3	NOT_APPLICABLE	20	188	10944000	33fcbadcd52583bc9067fdec79bfa57eafe33049b823b0854eb0f7c3188c3d9d	33fcbadcd52583bc9067fdec79bfa57eafe33049b823b0854eb0f7c3188c3d9d	33fcbadcd52583bc9067fdec79bfa57eafe33049b823b0854eb0f7c3188c3d9d	0	NATIVE_EVALUATOR
0.9999828216374269	fd6beb83491f6ce71af4ef037960754d50be356fbd86c7404ebae63751b056a0	err1816980_official	0	32.692985045	2b1d8974bd325b510ac63e0612f459b15a5d5125e60f065fddc11196c50ceff3	0.9997222222222222	71980	PASS	NOT_APPLICABLE	72000	32230998	0.002611111111111111	.orders/round_01_seed_0b00226c33413c9fbd05a71135e678d8.jsonl.gz	05c20bfff1e01c81d2bc676817167fce5034e93eab4ac464bad1377e93d24ffc	148.195762180	new_replay	72000	threads_20/round_01_seed_0b00226c33413c9fbd05a71135e678d8/pred.tsv	5f0923a1b28673730f16353cf1f44920b8341dd50e42696d460763e0f12241b1	53942b14fca9735e88c5b0b13d4ba6c5107a7755dbeeb6c0288b99009584c04b	58.62590851634741	66ce485be663e65967a2e17dee1a6b23b84789e405ffef8bb97fe80ea74a1b2e	0,1,2,3,4,5,6,7,8,9,10,11,12,13,14,15,16,17,18,19	20	NOT_APPLICABLE	0b00226c33413c9fbd05a71135e678d8	EXPLICIT	acor_20260822T201107_268df008a4d649038251a50d8723ae23	NOT_APPLICABLE	20	188	10944000	33fcbadcd52583bc9067fdec79bfa57eafe33049b823b0854eb0f7c3188c3d9d	33fcbadcd52583bc9067fdec79bfa57eafe33049b823b0854eb0f7c3188c3d9d	33fcbadcd52583bc9067fdec79bfa57eafe33049b823b0854eb0f7c3188c3d9d	0	NATIVE_EVALUATOR
